k,jaccard,n_overlap
10,0.0,0
50,0.0989010989010989,9
100,0.14285714285714285,25
200,0.22699386503067484,74
500,0.3333333333333333,250
1000,0.4503263234227701,621
