k,jaccard,n_overlap
10,0.3333333333333333,5
50,0.42857142857142855,30
100,0.42857142857142855,60
200,0.4336917562724014,121
500,0.47928994082840237,324
1000,0.4936519790888723,661
