k,jaccard,n_overlap
10,0.0,0
50,0.02040816326530612,2
100,0.06382978723404255,12
200,0.08991825613079019,33
500,0.1695906432748538,145
1000,0.28949065119277884,449
