MCC,Accuracy,Recall,Precision,F1,Scenario
0.8956736035049289,0.952755905511811,0.9318181818181818,0.9318181818181818,0.9318181818181818,Real->Real
0.7804730985599424,0.8976377952755905,0.7045454545454546,1.0,0.8266666666666667,Real->Syn
0.5528452123016735,0.7244094488188977,0.9772727272727273,0.5584415584415584,0.7107438016528925,Syn->Real
0.8600370168518345,0.937007874015748,0.8636363636363636,0.95,0.9047619047619048,Syn->Syn
