MCC,Accuracy,Recall,Precision,F1,Scenario
0.8599280432482879,0.937007874015748,0.8863636363636364,0.9285714285714286,0.9069767441860465,Real->Real
0.0,0.3464566929133858,1.0,0.3464566929133858,0.5146198830409356,Real->Syn
0.2994313708627779,0.5118110236220472,0.9772727272727273,0.41346153846153844,0.581081081081081,Syn->Real
0.8956736035049289,0.952755905511811,0.9318181818181818,0.9318181818181818,0.9318181818181818,Syn->Syn
