MCC,Accuracy,Recall,Precision,F1,Scenario
0.8599280432482879,0.937007874015748,0.8863636363636364,0.9285714285714286,0.9069767441860465,Real->Real
0.7529006182924771,0.889763779527559,0.7727272727272727,0.8947368421052632,0.8292682926829268,Real->Syn
0.8628788594779969,0.937007874015748,0.9318181818181818,0.8913043478260869,0.9111111111111111,Syn->Real
0.7940220481970006,0.905511811023622,0.8863636363636364,0.8478260869565217,0.8666666666666667,Syn->Syn
