k,jaccard,n_overlap
10,0.05263157894736842,1
50,0.06382978723404255,6
100,0.07526881720430108,14
200,0.14285714285714285,50
500,0.2345679012345679,190
1000,0.3360053440213761,503
