k,jaccard,n_overlap
10,0.25,4
50,0.17647058823529413,15
100,0.1695906432748538,29
200,0.19760479041916168,66
500,0.21802679658952498,179
1000,0.22774708410067526,371
