k,jaccard,n_overlap
10,0.17647058823529413,3
50,0.3333333333333333,25
100,0.3986013986013986,57
200,0.43884892086330934,122
500,0.48588410104011887,327
1000,0.5094339622641509,675
