k,jaccard,n_overlap
10,0.05263157894736842,1
50,0.08695652173913043,8
100,0.12994350282485875,23
200,0.2084592145015106,69
500,0.33689839572192515,252
1000,0.41843971631205673,590
