k,jaccard,n_overlap
10,0.17647058823529413,3
50,0.28205128205128205,22
100,0.3157894736842105,48
200,0.41843971631205673,118
500,0.447178002894356,309
1000,0.4684287812041116,638
