k,jaccard,n_overlap
10,0.3333333333333333,5
50,0.28205128205128205,22
100,0.3698630136986301,54
200,0.43884892086330934,122
500,0.46412884333821375,317
1000,0.48038490007401924,649
