k,jaccard,n_overlap
10,0.25,4
50,0.3888888888888889,28
100,0.4084507042253521,58
200,0.4652014652014652,127
500,0.4727540500736377,321
1000,0.5105740181268882,676
