k,jaccard,n_overlap
10,0.1111111111111111,2
50,0.3157894736842105,24
100,0.35135135135135137,52
200,0.40350877192982454,115
500,0.4577259475218659,314
1000,0.49588631264023936,663
