k,jaccard,n_overlap
10,0.17647058823529413,3
50,0.17647058823529413,15
100,0.15606936416184972,27
200,0.1695906432748538,58
500,0.21212121212121213,175
1000,0.23992560446373218,387
