threshold,jaccard,n_real,n_fake,n_overlap
0.0001,0.5893060295790671,3201,3784,2590
0.001,0.606124001521491,3946,4499,3187
0.01,0.6297487745098039,5055,5584,4111
0.05,0.6578086136928918,6113,6551,5025
0.1,0.6762879064669346,6687,7077,5553
0.2,0.7175173354552689,7410,7699,6312
0.5,0.8038992014933112,8620,8775,7752
1.0,1.0,10042,10042,10042
