MCC,Accuracy,Recall,Precision,F1,Scenario
0.9,0.9555555555555556,0.9333333333333333,0.9333333333333333,0.9333333333333333,Real->Real
0.6631876257407014,0.8518518518518519,0.6,0.9310344827586207,0.7297297297297297,Real->Syn
0.6499365987675894,0.8,0.9777777777777777,0.6285714285714286,0.7652173913043478,Syn->Real
0.8333333333333334,0.9259259259259259,0.8888888888888888,0.8888888888888888,0.8888888888888888,Syn->Syn
