MCC,Accuracy,Recall,Precision,F1,Scenario
0.8993875008265758,0.9555555555555556,0.9111111111111111,0.9534883720930233,0.9318181818181818,Real->Real
0.6818348536160599,0.8296296296296296,0.9555555555555556,0.671875,0.7889908256880734,Real->Syn
0.2,0.4074074074074074,1.0,0.36,0.5294117647058824,Syn->Real
0.9,0.9555555555555556,0.9333333333333333,0.9333333333333333,0.9333333333333333,Syn->Syn
