MCC,Accuracy,Recall,Precision,F1,Scenario
0.8993875008265758,0.9555555555555556,0.9111111111111111,0.9534883720930233,0.9318181818181818,Real->Real
0.4083769739313501,0.7481481481481481,0.26666666666666666,0.9230769230769231,0.41379310344827586,Real->Syn
0.7195062246738243,0.8592592592592593,0.9333333333333333,0.7241379310344828,0.8155339805825242,Syn->Real
0.8319334382645825,0.9259259259259259,0.8666666666666667,0.9069767441860465,0.8863636363636364,Syn->Syn
