MCC,Accuracy,Recall,Precision,F1,Scenario
0.7894374242084412,0.9074074074074074,0.8333333333333334,0.8823529411764706,0.8571428571428571,Real->Real
0.1386750490563073,0.37037037037037035,1.0,0.34615384615384615,0.5142857142857142,Real->Syn
0.09712858623572641,0.35185185185185186,1.0,0.33962264150943394,0.5070422535211268,Syn->Real
0.8139673362701083,0.9166666666666666,0.8888888888888888,0.8648648648648649,0.8767123287671232,Syn->Syn
