MCC,Accuracy,Recall,Precision,F1,Scenario
0.8139673362701083,0.9166666666666666,0.8888888888888888,0.8648648648648649,0.8767123287671232,Real->Real
0.8539074533199474,0.9351851851851852,0.8333333333333334,0.967741935483871,0.8955223880597015,Real->Syn
0.7728525967890878,0.8888888888888888,0.9444444444444444,0.7727272727272727,0.85,Syn->Real
0.9163112959562264,0.9629629629629629,0.9166666666666666,0.9705882352941176,0.9428571428571428,Syn->Syn
