MCC,Accuracy,Recall,Precision,F1,Scenario
0.7894374242084412,0.9074074074074074,0.8333333333333334,0.8823529411764706,0.8571428571428571,Real->Real
0.7918389536840358,0.9074074074074074,0.75,0.9642857142857143,0.84375,Real->Syn
0.8058229640253803,0.9074074074074074,0.9444444444444444,0.8095238095238095,0.8717948717948718,Syn->Real
0.8740200053736313,0.9444444444444444,0.8888888888888888,0.9411764705882353,0.9142857142857143,Syn->Syn
