MCC,Accuracy,Recall,Precision,F1,Scenario
0.8163203854260764,0.9180327868852459,0.8780487804878049,0.8780487804878049,0.8780487804878049,Real->Real
0.8358172641986432,0.9262295081967213,0.9024390243902439,0.8809523809523809,0.891566265060241,Real->Syn
0.0,0.3360655737704918,1.0,0.3360655737704918,0.5030674846625767,Syn->Real
0.8388516664501923,0.9262295081967213,0.926829268292683,0.8636363636363636,0.8941176470588236,Syn->Syn
