MCC,Accuracy,Recall,Precision,F1,Scenario
0.8388516664501923,0.9262295081967213,0.926829268292683,0.8636363636363636,0.8941176470588236,Real->Real
0.814096870757732,0.9180327868852459,0.8292682926829268,0.918918918918919,0.8717948717948718,Real->Syn
0.908861466370731,0.9590163934426229,0.9512195121951219,0.9285714285714286,0.9397590361445783,Syn->Real
0.8897922312556459,0.9508196721311475,0.926829268292683,0.926829268292683,0.926829268292683,Syn->Syn
