MCC,Accuracy,Recall,Precision,F1,Scenario
0.8163203854260764,0.9180327868852459,0.8780487804878049,0.8780487804878049,0.8780487804878049,Real->Real
0.8168156451254418,0.9180327868852459,0.7804878048780488,0.9696969696969697,0.8648648648648649,Real->Syn
0.8916914768352387,0.9508196721311475,0.9512195121951219,0.9069767441860465,0.9285714285714286,Syn->Real
0.908861466370731,0.9590163934426229,0.9512195121951219,0.9285714285714286,0.9397590361445783,Syn->Syn
