threshold,jaccard,n_real,n_fake,n_overlap
0.0001,0.3718202374222725,3298,6409,2631
0.001,0.421277698587534,4043,6925,3251
0.01,0.49598867390278434,5090,7590,4204
0.05,0.5845914742451155,6137,8137,5266
0.1,0.6385725132877752,6699,8407,5887
0.2,0.7064181317517475,7393,8719,6670
0.5,0.8283244133388226,8527,9237,8048
1.0,1.0,9828,9828,9828
