k,jaccard,n_overlap
10,0.1111111111111111,2
50,0.08695652173913043,8
100,0.11731843575418995,21
200,0.1396011396011396,49
500,0.21359223300970873,176
1000,0.31926121372031663,484
