k,jaccard,n_overlap
10,0.3333333333333333,5
50,0.4084507042253521,29
100,0.45985401459854014,63
200,0.4492753623188406,124
500,0.45985401459854014,315
1000,0.5003750937734434,667
