k,jaccard,n_overlap
10,0.05263157894736842,1
50,0.08695652173913043,8
100,0.10497237569060773,19
200,0.15273775216138327,53
500,0.22249388753056235,182
1000,0.27064803049555275,426
