k,jaccard,n_overlap
10,0.0,0
50,0.08695652173913043,8
100,0.1695906432748538,29
200,0.2084592145015106,69
500,0.28865979381443296,224
1000,0.3764624913971094,547
