k,jaccard,n_overlap
10,0.0,0
50,0.041666666666666664,4
100,0.05263157894736842,10
200,0.08401084010840108,31
500,0.19047619047619047,160
1000,0.27959053103007037,437
