threshold,jaccard,n_real,n_fake,n_overlap
0.0001,0.40700808625336926,3125,6271,2718
0.001,0.45028218220908356,3866,6927,3351
0.01,0.5197678636198767,4928,7642,4299
0.05,0.6036606033216586,6008,8186,5343
0.1,0.6478641840087623,6557,8488,5915
0.2,0.7145757640521478,7273,8772,6687
0.5,0.8315626611655492,8461,9296,8062
1.0,1.0,9828,9828,9828
