k,jaccard,n_overlap
10,0.3333333333333333,5
50,0.3698630136986301,27
100,0.4084507042253521,58
200,0.44404332129963897,123
500,0.4749262536873156,322
1000,0.5003750937734434,667
