MCC,Accuracy,Recall,Precision,F1,Scenario
0.8805489903125961,0.9461538461538461,0.9318181818181818,0.9111111111111111,0.9213483146067416,Real->Real
0.08941021220482383,0.35384615384615387,1.0,0.34375,0.5116279069767442,Real->Syn
0.7073736844464154,0.8461538461538461,0.9545454545454546,0.7,0.8076923076923077,Syn->Real
0.8963187156153177,0.9538461538461539,0.9090909090909091,0.9523809523809523,0.9302325581395349,Syn->Syn
