MCC,Accuracy,Recall,Precision,F1,Scenario
0.8805489903125961,0.9461538461538461,0.9318181818181818,0.9111111111111111,0.9213483146067416,Real->Real
0.6652357427874646,0.8461538461538461,0.5454545454545454,1.0,0.7058823529411765,Real->Syn
0.5467215728189827,0.7307692307692307,0.9545454545454546,0.56,0.7058823529411765,Syn->Real
0.8490248811692255,0.9307692307692308,0.9318181818181818,0.8723404255319149,0.9010989010989011,Syn->Syn
