MCC,Accuracy,Recall,Precision,F1,Scenario
0.8963187156153177,0.9538461538461539,0.9090909090909091,0.9523809523809523,0.9302325581395349,Real->Real
0.6757164496363359,0.8538461538461538,0.5909090909090909,0.9629629629629629,0.7323943661971831,Real->Syn
0.7036509131651721,0.8538461538461538,0.9090909090909091,0.7272727272727273,0.8080808080808081,Syn->Real
0.8001551096644727,0.9076923076923077,0.9090909090909091,0.8333333333333334,0.8695652173913043,Syn->Syn
