k,jaccard,n_overlap
10,0.0,0
50,0.0,0
100,0.0,0
200,0.005025125628140704,2
500,0.02459016393442623,24
1000,0.05152471083070452,98
