k,jaccard,n_overlap
10,0.0,0
50,0.0,0
100,0.005025125628140704,1
200,0.010101010101010102,4
500,0.02040816326530612,20
1000,0.04876769795490299,93
