MCC,Accuracy,Recall,Precision,F1,Scenario
0.908861466370731,0.9590163934426229,0.9285714285714286,0.9512195121951219,0.9397590361445783,Real->Real
0.8358172641986432,0.9262295081967213,0.8809523809523809,0.9024390243902439,0.891566265060241,Real->Syn
0.8536764194659172,0.9344262295081968,0.8809523809523809,0.925,0.9024390243902439,Syn->Real
0.8910714285714286,0.9508196721311475,0.9285714285714286,0.9285714285714286,0.9285714285714286,Syn->Syn
