MCC,Accuracy,Recall,Precision,F1,Scenario
0.908861466370731,0.9590163934426229,0.9285714285714286,0.9512195121951219,0.9397590361445783,Real->Real
0.5167423893288019,0.7786885245901639,0.35714285714285715,1.0,0.5263157894736842,Real->Syn
0.6827473183705045,0.8360655737704918,0.9285714285714286,0.6964285714285714,0.7959183673469388,Syn->Real
0.890426074785198,0.9508196721311475,0.9047619047619048,0.95,0.926829268292683,Syn->Syn
