MCC,Accuracy,Recall,Precision,F1
0.7470949312638864,0.8688524590163934,0.7833333333333333,0.94,0.8545454545454545
