MCC,Accuracy,Recall,Precision,F1
0.4849496594603341,0.6967213114754098,0.9833333333333333,0.6210526315789474,0.7612903225806451
