MCC,Accuracy,Recall,Precision,F1
0.7232186857996078,0.8442622950819673,0.6833333333333333,1.0,0.8118811881188119
