MCC,Accuracy,Recall,Precision,F1
0.0,0.4918032786885246,1.0,0.4918032786885246,0.6593406593406593
