MCC,Accuracy,Recall,Precision,F1,Scenario
0.8137705579019217,0.9016393442622951,0.8166666666666667,0.98,0.8909090909090909,Real->Real
0.7659412544919852,0.8770491803278688,0.7833333333333333,0.9591836734693877,0.8623853211009175,Real->Syn
0.0,0.4918032786885246,1.0,0.4918032786885246,0.6593406593406593,Syn->Real
0.8047083667736751,0.8934426229508197,0.7833333333333333,1.0,0.8785046728971962,Syn->Syn
