MCC,Accuracy,Recall,Precision,F1,Scenario
0.908861466370731,0.9590163934426229,0.9285714285714286,0.9512195121951219,0.9397590361445783,Real->Real
0.7792549864646765,0.9016393442622951,0.8095238095238095,0.8947368421052632,0.85,Real->Syn
0.3151704011518669,0.5245901639344263,0.9761904761904762,0.41836734693877553,0.5857142857142857,Syn->Real
0.890426074785198,0.9508196721311475,0.9047619047619048,0.95,0.926829268292683,Syn->Syn
