MCC,Accuracy,Recall,Precision,F1,Scenario
0.908861466370731,0.9590163934426229,0.9285714285714286,0.9512195121951219,0.9397590361445783,Real->Real
0.0,0.3442622950819672,1.0,0.3442622950819672,0.5121951219512195,Real->Syn
0.0,0.3442622950819672,1.0,0.3442622950819672,0.5121951219512195,Syn->Real
0.9273809523809524,0.9672131147540983,0.9523809523809523,0.9523809523809523,0.9523809523809523,Syn->Syn
