MCC,Accuracy,Recall,Precision,F1,Scenario
0.8982755448605579,0.9545454545454546,0.9111111111111111,0.9534883720930233,0.9318181818181818,Real->Real
0.7782874239232325,0.9015151515151515,0.8222222222222222,0.8809523809523809,0.8505747126436781,Real->Syn
0.7604419527047992,0.8787878787878788,0.9555555555555556,0.7543859649122807,0.8431372549019608,Syn->Real
0.8698645741868406,0.9393939393939394,0.9555555555555556,0.8775510204081632,0.9148936170212766,Syn->Syn
