MCC,Accuracy,Recall,Precision,F1,Scenario
0.8469139703212729,0.9318181818181818,0.8666666666666667,0.9285714285714286,0.896551724137931,Real->Real
0.7266013255072572,0.8787878787878788,0.7111111111111111,0.9142857142857143,0.8,Real->Syn
0.7802472780334225,0.8939393939393939,0.9333333333333333,0.7924528301886793,0.8571428571428571,Syn->Real
0.8492047620931011,0.9318181818181818,0.9111111111111111,0.8913043478260869,0.9010989010989011,Syn->Syn
