MCC,Accuracy,Recall,Precision,F1,Scenario
0.8982755448605579,0.9545454545454546,0.9111111111111111,0.9534883720930233,0.9318181818181818,Real->Real
0.2765172130545263,0.4696969696969697,1.0,0.391304347826087,0.5625,Real->Syn
0.0,0.3409090909090909,1.0,0.3409090909090909,0.5084745762711864,Syn->Real
0.8469139703212729,0.9318181818181818,0.8666666666666667,0.9285714285714286,0.896551724137931,Syn->Syn
