k,jaccard,n_overlap
10,0.0,0
50,0.041666666666666664,4
100,0.08695652173913043,16
200,0.12359550561797752,44
500,0.2562814070351759,204
1000,0.3831258644536653,554
