k,jaccard,n_overlap
10,0.3333333333333333,5
50,0.3698630136986301,27
100,0.41843971631205673,59
200,0.48698884758364314,131
500,0.48588410104011887,327
1000,0.5163002274450341,681
