k,jaccard,n_overlap
10,0.0,0
50,0.02040816326530612,2
100,0.05263157894736842,10
200,0.055408970976253295,21
500,0.17370892018779344,148
1000,0.2961762799740765,457
