MCC,Accuracy,Recall,Precision,F1,Scenario
0.8978878788463952,0.9541984732824428,0.9111111111111111,0.9534883720930233,0.9318181818181818,Real->Real
0.3942366281766392,0.5725190839694656,1.0,0.44554455445544555,0.6164383561643836,Real->Syn
0.5410860249338708,0.7022900763358778,1.0,0.5357142857142857,0.6976744186046512,Syn->Real
0.9330687455652007,0.9694656488549618,0.9111111111111111,1.0,0.9534883720930233,Syn->Syn
