MCC,Accuracy,Recall,Precision,F1,Scenario
0.8978878788463952,0.9541984732824428,0.9111111111111111,0.9534883720930233,0.9318181818181818,Real->Real
0.707965973846332,0.8396946564885496,0.9777777777777777,0.6875,0.8073394495412844,Real->Syn
0.3512967265480421,0.5343511450381679,1.0,0.42452830188679247,0.5960264900662252,Syn->Real
0.9330687455652007,0.9694656488549618,0.9111111111111111,1.0,0.9534883720930233,Syn->Syn
