MCC,Accuracy,Recall,Precision,F1,Scenario
0.8978878788463952,0.9541984732824428,0.9111111111111111,0.9534883720930233,0.9318181818181818,Real->Real
0.8371314332557644,0.916030534351145,1.0,0.8035714285714286,0.8910891089108911,Real->Syn
0.43677265120106745,0.6106870229007634,1.0,0.46875,0.6382978723404256,Syn->Real
0.949091808678445,0.9770992366412213,0.9555555555555556,0.9772727272727273,0.9662921348314607,Syn->Syn
