MCC,Accuracy,Recall,Precision,F1,Scenario
0.8978878788463952,0.9541984732824428,0.9111111111111111,0.9534883720930233,0.9318181818181818,Real->Real
0.5156488338072368,0.7786259541984732,0.35555555555555557,1.0,0.5245901639344263,Real->Syn
0.7419853866088323,0.8854961832061069,0.7555555555555555,0.8947368421052632,0.8192771084337349,Syn->Real
0.9159504094800139,0.9618320610687023,0.9555555555555556,0.9347826086956522,0.945054945054945,Syn->Syn
