MCC,Accuracy,Recall,Precision,F1,Scenario
0.8978878788463952,0.9541984732824428,0.9111111111111111,0.9534883720930233,0.9318181818181818,Real->Real
0.6856908128295045,0.816793893129771,1.0,0.6521739130434783,0.7894736842105263,Real->Syn
0.8915976293917736,0.9465648854961832,1.0,0.8653846153846154,0.9278350515463918,Syn->Real
0.9152271444551312,0.9618320610687023,0.9111111111111111,0.9761904761904762,0.9425287356321839,Syn->Syn
