MCC,Accuracy,Recall,Precision,F1,Scenario
0.9302732036299514,0.968503937007874,0.9318181818181818,0.9761904761904762,0.9534883720930233,Real->Real
0.9143314859041564,0.9606299212598425,0.8863636363636364,1.0,0.9397590361445783,Real->Syn
0.897307265118495,0.952755905511811,0.9545454545454546,0.9130434782608695,0.9333333333333333,Syn->Real
0.9304490690032858,0.968503937007874,0.9545454545454546,0.9545454545454546,0.9545454545454546,Syn->Syn
