MCC,Accuracy,Recall,Precision,F1,Scenario
0.9302732036299514,0.968503937007874,0.9318181818181818,0.9761904761904762,0.9534883720930233,Real->Real
0.8599280432482879,0.937007874015748,0.8863636363636364,0.9285714285714286,0.9069767441860465,Real->Syn
0.793071699123105,0.905511811023622,0.75,0.9705882352941176,0.8461538461538461,Syn->Real
0.9127341027173711,0.9606299212598425,0.9318181818181818,0.9534883720930233,0.9425287356321839,Syn->Syn
