k,jaccard,n_overlap
10,0.0,0
50,0.041666666666666664,4
100,0.07526881720430108,14
200,0.10497237569060773,38
500,0.17370892018779344,148
1000,0.27877237851662406,436
