k,jaccard,n_overlap
10,0.42857142857142855,6
50,0.3888888888888889,28
100,0.47058823529411764,64
200,0.47601476014760147,129
500,0.4925373134328358,330
1000,0.5003750937734434,667
