k,jaccard,n_overlap
10,0.0,0
50,0.05263157894736842,5
100,0.12994350282485875,23
200,0.11420612813370473,41
500,0.21802679658952498,179
1000,0.2594458438287154,412
