threshold,jaccard,n_real,n_fake,n_overlap
0.0001,0.37914423349390763,3209,6525,2676
0.001,0.4309270319397559,3951,7070,3319
0.01,0.5124301177590104,4996,7719,4308
0.05,0.5949055971399844,6033,8243,5325
0.1,0.6432297326668116,6618,8503,5919
0.2,0.7025222551928784,7269,8796,6629
0.5,0.8239103618421053,8448,9295,8015
1.0,1.0,9828,9828,9828
