k,jaccard,n_overlap
10,0.0,0
50,0.0,0
100,0.005025125628140704,1
200,0.012658227848101266,5
500,0.02774922918807811,27
1000,0.04004160166406656,77
