k,jaccard,n_overlap
10,0.0,0
50,0.010101010101010102,1
100,0.005025125628140704,1
200,0.007556675062972292,3
500,0.02774922918807811,27
1000,0.05708245243128964,108
