MCC,Accuracy,Recall,Precision,F1,Scenario
0.8287152341801931,0.9243697478991597,0.85,0.918918918918919,0.8831168831168831,Real->Real
0.0,0.33613445378151263,1.0,0.33613445378151263,0.5031446540880503,Real->Syn
0.7188530655961889,0.8739495798319328,0.65,0.9629629629629629,0.7761194029850746,Syn->Real
0.8290639579751987,0.9243697478991597,0.825,0.9428571428571428,0.88,Syn->Syn
