MCC,Accuracy,Recall,Precision,F1,Scenario
0.8290639579751987,0.9243697478991597,0.825,0.9428571428571428,0.88,Real->Real
0.27573262594886777,0.7058823529411765,0.15,0.8571428571428571,0.2553191489361702,Real->Syn
0.6196586842570948,0.8151260504201681,0.85,0.68,0.7555555555555555,Syn->Real
0.8681057510100418,0.9411764705882353,0.85,0.9714285714285714,0.9066666666666666,Syn->Syn
