MCC,Accuracy,Recall,Precision,F1,Scenario
0.8287152341801931,0.9243697478991597,0.85,0.918918918918919,0.8831168831168831,Real->Real
0.4579467107354498,0.7647058823529411,0.325,0.9285714285714286,0.48148148148148145,Real->Syn
0.19216585498913016,0.42857142857142855,0.975,0.36792452830188677,0.5342465753424658,Syn->Real
0.7900221649403556,0.907563025210084,0.8,0.9142857142857143,0.8533333333333334,Syn->Syn
