k,jaccard,n_overlap
10,0.17647058823529413,3
50,0.4084507042253521,29
100,0.3698630136986301,54
200,0.40350877192982454,115
500,0.46412884333821375,317
1000,0.47058823529411764,640
