k,jaccard,n_overlap
10,0.05263157894736842,1
50,0.17647058823529413,15
100,0.20481927710843373,34
200,0.24610591900311526,79
500,0.33689839572192515,252
1000,0.4234875444839858,595
