k,jaccard,n_overlap
10,0.1111111111111111,2
50,0.13636363636363635,12
100,0.14285714285714285,25
200,0.19047619047619047,64
500,0.23001230012300122,187
1000,0.2547051442910916,406
