k,jaccard,n_overlap
10,0.05263157894736842,1
50,0.2987012987012987,23
100,0.3157894736842105,48
200,0.3793103448275862,110
500,0.44508670520231214,308
1000,0.45348837209302323,624
