k,jaccard,n_overlap
10,0.1111111111111111,2
50,0.07526881720430108,7
100,0.11731843575418995,21
200,0.14942528735632185,52
500,0.22399020807833536,183
1000,0.3522650439486139,521
