k,jaccard,n_overlap
10,0.25,4
50,0.3888888888888889,28
100,0.3986013986013986,57
200,0.44404332129963897,123
500,0.4749262536873156,322
1000,0.4936519790888723,661
