k,jaccard,n_overlap
10,0.17647058823529413,3
50,0.3698630136986301,27
100,0.4084507042253521,58
200,0.43884892086330934,122
500,0.4903129657228018,329
1000,0.5163002274450341,681
