k,jaccard,n_overlap
10,0.1111111111111111,2
50,0.3157894736842105,24
100,0.3793103448275862,55
200,0.39372822299651566,113
500,0.4662756598240469,318
1000,0.5026296018031555,669
