threshold,jaccard,n_real,n_fake,n_overlap
0.0001,0.5825812274368231,3219,3795,2582
0.001,0.5961826347305389,4006,4524,3186
0.01,0.6242378048780488,5098,5557,4095
0.05,0.6549203863221091,6150,6530,5018
0.1,0.67498782269849,6717,7038,5543
0.2,0.7125042512186827,7433,7673,6285
0.5,0.800041399296212,8641,8751,7730
1.0,1.0,10042,10042,10042
