k,jaccard,n_overlap
10,0.25,4
50,0.3888888888888889,28
100,0.3888888888888889,56
200,0.4492753623188406,124
500,0.4749262536873156,322
1000,0.4925373134328358,660
