k,jaccard,n_overlap
10,0.0,0
50,0.14942528735632185,13
100,0.16279069767441862,28
200,0.17994100294985252,61
500,0.23304562268803947,189
1000,0.2430080795525171,391
