k,jaccard,n_overlap
10,0.25,4
50,0.35135135135135137,26
100,0.3698630136986301,54
200,0.4084507042253521,116
500,0.4619883040935672,316
1000,0.4556040756914119,626
