k,jaccard,n_overlap
10,0.25,4
50,0.3698630136986301,27
100,0.3888888888888889,56
200,0.43884892086330934,122
500,0.4992503748125937,333
1000,0.5174506828528073,682
