k,jaccard,n_overlap
10,0.25,4
50,0.3333333333333333,25
100,0.3422818791946309,51
200,0.3888888888888889,112
500,0.47058823529411764,320
1000,0.5026296018031555,669
