k,jaccard,n_overlap
10,0.3333333333333333,5
50,0.3698630136986301,27
100,0.4084507042253521,58
200,0.4234875444839858,119
500,0.47928994082840237,324
1000,0.49142431021625654,659
