k,jaccard,n_overlap
10,0.0,0
50,0.05263157894736842,5
100,0.0989010989010989,18
200,0.14285714285714285,50
500,0.22549019607843138,184
1000,0.3413816230717639,509
