k,jaccard,n_overlap
10,0.42857142857142855,6
50,0.3888888888888889,28
100,0.4084507042253521,58
200,0.41843971631205673,118
500,0.4771048744460857,323
1000,0.49142431021625654,659
