k,jaccard,n_overlap
10,0.42857142857142855,6
50,0.3888888888888889,28
100,0.4084507042253521,58
200,0.4234875444839858,119
500,0.4771048744460857,323
1000,0.4936519790888723,661
