threshold,jaccard,n_real,n_fake,n_overlap
0.0001,0.5776081424936387,3125,3695,2497
0.001,0.5964005360903695,3878,4460,3115
0.01,0.6195535026943803,5004,5515,4024
0.05,0.6499078704922348,6051,6485,4938
0.1,0.6744529136955987,6639,6981,5486
0.2,0.7035645142922219,7350,7609,6178
0.5,0.805451518934665,8595,8759,7742
1.0,1.0,10042,10042,10042
