k,jaccard,n_overlap
10,0.25,4
50,0.2345679012345679,19
100,0.1834319526627219,31
200,0.22324159021406728,73
500,0.272264631043257,214
1000,0.28287363694676076,441
