k,jaccard,n_overlap
10,0.0,0
50,0.08695652173913043,8
100,0.13636363636363635,24
200,0.2012012012012012,67
500,0.2936610608020699,227
1000,0.3908205841446453,562
