k,jaccard,n_overlap
10,0.17647058823529413,3
50,0.28205128205128205,22
100,0.32450331125827814,49
200,0.3745704467353952,109
500,0.4492753623188406,310
1000,0.4492753623188406,620
