MCC,Accuracy,Recall,Precision,F1,Scenario
0.909056005238362,0.9590163934426229,0.9047619047619048,0.9743589743589743,0.9382716049382716,Real->Real
0.5167423893288019,0.7786885245901639,0.35714285714285715,1.0,0.5263157894736842,Real->Syn
0.6675301627470952,0.819672131147541,0.9523809523809523,0.6666666666666666,0.7843137254901961,Syn->Real
0.857864054457777,0.9344262295081968,0.8095238095238095,1.0,0.8947368421052632,Syn->Syn
