MCC,Accuracy,Recall,Precision,F1,Scenario
0.909056005238362,0.9590163934426229,0.9047619047619048,0.9743589743589743,0.9382716049382716,Real->Real
0.726579314674686,0.8524590163934426,0.9761904761904762,0.7068965517241379,0.82,Real->Syn
0.8643381577754745,0.9344262295081968,0.9761904761904762,0.8541666666666666,0.9111111111111111,Syn->Real
0.909056005238362,0.9590163934426229,0.9047619047619048,0.9743589743589743,0.9382716049382716,Syn->Syn
