MCC,Accuracy,Recall,Precision,F1,Scenario
0.909056005238362,0.9590163934426229,0.9047619047619048,0.9743589743589743,0.9382716049382716,Real->Real
0.6850474515411648,0.860655737704918,0.6904761904761905,0.8787878787878788,0.7733333333333333,Real->Syn
0.0657666526891459,0.5,0.6428571428571429,0.3698630136986301,0.46956521739130436,Syn->Real
0.9453835674567749,0.9754098360655737,0.9523809523809523,0.975609756097561,0.963855421686747,Syn->Syn
