MCC,Accuracy,Recall,Precision,F1,Scenario
0.914832706456353,0.9624060150375939,0.9090909090909091,0.975609756097561,0.9411764705882353,Real->Real
0.4618280143766786,0.6616541353383458,0.9545454545454546,0.49411764705882355,0.6511627906976745,Real->Syn
0.5457293243587027,0.706766917293233,1.0,0.5301204819277109,0.6929133858267716,Syn->Real
0.9160876783525692,0.9624060150375939,0.8863636363636364,1.0,0.9397590361445783,Syn->Syn
