MCC,Accuracy,Recall,Precision,F1,Scenario
0.9160876783525692,0.9624060150375939,0.8863636363636364,1.0,0.9397590361445783,Real->Real
0.6911856611555657,0.8646616541353384,0.7727272727272727,0.8095238095238095,0.7906976744186046,Real->Syn
0.6661068428409624,0.8195488721804511,0.9545454545454546,0.65625,0.7777777777777778,Syn->Real
0.8472845017346835,0.9323308270676691,0.8181818181818182,0.972972972972973,0.8888888888888888,Syn->Syn
