MCC,Accuracy,Recall,Precision,F1,Scenario
0.914832706456353,0.9624060150375939,0.9090909090909091,0.975609756097561,0.9411764705882353,Real->Real
0.58058554551148,0.7744360902255639,0.9090909090909091,0.6060606060606061,0.7272727272727273,Real->Syn
0.7806114705209728,0.9022556390977443,0.8636363636363636,0.8444444444444444,0.8539325842696629,Syn->Real
0.8994948077064754,0.9548872180451128,0.8636363636363636,1.0,0.926829268292683,Syn->Syn
