k,jaccard,n_overlap
10,0.0,0
50,0.05263157894736842,5
100,0.0582010582010582,11
200,0.09289617486338798,34
500,0.16144018583042974,139
1000,0.23915737298636927,386
