k,jaccard,n_overlap
10,0.0,0
50,0.0,0
100,0.02564102564102564,5
200,0.055408970976253295,21
500,0.13250283125707815,117
1000,0.19331742243436753,324
