k,jaccard,n_overlap
10,0.42857142857142855,6
50,0.3888888888888889,28
100,0.42857142857142855,60
200,0.44404332129963897,123
500,0.47058823529411764,320
1000,0.49588631264023936,663
