MCC,Accuracy,Recall,Precision,F1,Scenario
0.8971777430126168,0.9541984732824428,0.8863636363636364,0.975,0.9285714285714286,Real->Real
0.0,0.33587786259541985,1.0,0.33587786259541985,0.5028571428571429,Real->Syn
0.7932003171019226,0.9083969465648855,0.7727272727272727,0.9444444444444444,0.85,Syn->Real
0.8801805653196412,0.9465648854961832,0.8636363636363636,0.9743589743589743,0.9156626506024096,Syn->Syn
