MCC,Accuracy,Recall,Precision,F1,Scenario
0.8971777430126168,0.9541984732824428,0.8863636363636364,0.975,0.9285714285714286,Real->Real
0.8822064390835863,0.9465648854961832,0.8409090909090909,1.0,0.9135802469135802,Real->Syn
0.8651299937367859,0.9389312977099237,0.9318181818181818,0.8913043478260869,0.9111111111111111,Syn->Real
0.9140982980406219,0.9618320610687023,0.9318181818181818,0.9534883720930233,0.9425287356321839,Syn->Syn
