MCC,Accuracy,Recall,Precision,F1,Scenario
0.8801805653196412,0.9465648854961832,0.8636363636363636,0.9743589743589743,0.9156626506024096,Real->Real
0.6937249865061811,0.8625954198473282,0.6136363636363636,0.9642857142857143,0.75,Real->Syn
0.7704749599706948,0.8854961832061069,0.9545454545454546,0.7636363636363637,0.8484848484848485,Syn->Real
0.8631138975966562,0.9389312977099237,0.9090909090909091,0.9090909090909091,0.9090909090909091,Syn->Syn
