MCC,Accuracy,Recall,Precision,F1,Scenario
0.825939930680114,0.9206349206349206,0.9069767441860465,0.8666666666666667,0.8863636363636364,Real->Real
0.0,0.3412698412698413,1.0,0.3412698412698413,0.5088757396449705,Real->Syn
0.7213878414130693,0.8492063492063492,0.9767441860465116,0.7,0.8155339805825242,Syn->Real
0.8400226565684312,0.9285714285714286,0.8372093023255814,0.9473684210526315,0.8888888888888888,Syn->Syn
