MCC,Accuracy,Recall,Precision,F1,Scenario
0.825939930680114,0.9206349206349206,0.9069767441860465,0.8666666666666667,0.8863636363636364,Real->Real
0.8242530340901012,0.9206349206349206,0.7906976744186046,0.9714285714285714,0.8717948717948718,Real->Syn
0.8293299784084577,0.9206349206349206,0.9302325581395349,0.851063829787234,0.8888888888888888,Syn->Real
0.8755941675530624,0.9444444444444444,0.8837209302325582,0.95,0.9156626506024096,Syn->Syn
