MCC,Accuracy,Recall,Precision,F1,Scenario
0.8400226565684312,0.9285714285714286,0.8372093023255814,0.9473684210526315,0.8888888888888888,Real->Real
0.6670582436588409,0.8492063492063492,0.5813953488372093,0.9615384615384616,0.7246376811594203,Real->Syn
0.7910059154851846,0.9047619047619048,0.8837209302325582,0.8444444444444444,0.8636363636363636,Syn->Real
0.8939944183901681,0.9523809523809523,0.8837209302325582,0.9743589743589743,0.926829268292683,Syn->Syn
