k,jaccard,n_overlap
10,0.05263157894736842,1
50,0.13636363636363635,12
100,0.12994350282485875,23
200,0.1396011396011396,49
500,0.2853470437017995,222
1000,0.39664804469273746,568
