k,jaccard,n_overlap
10,0.3333333333333333,5
50,0.4492753623188406,31
100,0.41843971631205673,59
200,0.44404332129963897,123
500,0.47058823529411764,320
1000,0.4992503748125937,666
