k,jaccard,n_overlap
10,0.0,0
50,0.08695652173913043,8
100,0.1111111111111111,20
200,0.20481927710843373,68
500,0.3333333333333333,250
1000,0.41843971631205673,590
