MCC,Accuracy,Recall,Precision,F1,Scenario
0.8782379310653381,0.9444444444444444,0.868421052631579,0.9705882352941176,0.9166666666666666,Real->Real
0.9002923501782483,0.9537037037037037,0.868421052631579,1.0,0.9295774647887324,Real->Syn
0.8572135963627763,0.9351851851851852,0.8947368421052632,0.918918918918919,0.9066666666666666,Syn->Real
0.9397878236968458,0.9722222222222222,0.9210526315789473,1.0,0.958904109589041,Syn->Syn
