MCC,Accuracy,Recall,Precision,F1,Scenario
0.8983604420808216,0.9537037037037037,0.8947368421052632,0.9714285714285714,0.9315068493150684,Real->Real
0.8806947647727111,0.9444444444444444,0.8421052631578947,1.0,0.9142857142857143,Real->Syn
0.9002923501782483,0.9537037037037037,0.868421052631579,1.0,0.9295774647887324,Syn->Real
0.9185842326543621,0.9629629629629629,0.9210526315789473,0.9722222222222222,0.9459459459459459,Syn->Syn
