MCC,Accuracy,Recall,Precision,F1,Scenario
0.8983604420808216,0.9537037037037037,0.8947368421052632,0.9714285714285714,0.9315068493150684,Real->Real
0.8491393757363024,0.9259259259259259,0.9736842105263158,0.8409090909090909,0.9024390243902439,Real->Syn
0.0,0.35185185185185186,1.0,0.35185185185185186,0.5205479452054794,Syn->Real
0.8782379310653381,0.9444444444444444,0.868421052631579,0.9705882352941176,0.9166666666666666,Syn->Syn
