MCC,Accuracy,Recall,Precision,F1,Scenario
0.8978878788463952,0.9541984732824428,0.9111111111111111,0.9534883720930233,0.9318181818181818,Real->Real
0.7071590270258324,0.8549618320610687,0.9111111111111111,0.7321428571428571,0.8118811881188119,Real->Syn
0.3070510166706282,0.4961832061068702,1.0,0.40540540540540543,0.5769230769230769,Syn->Real
0.9330687455652007,0.9694656488549618,0.9111111111111111,1.0,0.9534883720930233,Syn->Syn
