MCC,Accuracy,Recall,Precision,F1,Scenario
0.9330687455652007,0.9694656488549618,0.9111111111111111,1.0,0.9534883720930233,Real->Real
0.5602132016301399,0.8015267175572519,0.4444444444444444,0.9523809523809523,0.6060606060606061,Real->Syn
0.5822528980415548,0.816793893129771,0.5555555555555556,0.8620689655172413,0.6756756756756757,Syn->Real
0.9322997416020672,0.9694656488549618,0.9555555555555556,0.9555555555555556,0.9555555555555556,Syn->Syn
