k,jaccard,n_overlap
10,0.3333333333333333,5
50,0.4492753623188406,31
100,0.42857142857142855,60
200,0.4652014652014652,127
500,0.48148148148148145,325
1000,0.49700598802395207,664
