k,jaccard,n_overlap
10,0.0,0
50,0.0,0
100,0.005025125628140704,1
200,0.023017902813299233,9
500,0.06837606837606838,64
1000,0.13700966458214894,241
