MCC,Accuracy,Recall,Precision,F1,Scenario
0.908861466370731,0.9590163934426229,0.9285714285714286,0.9512195121951219,0.9397590361445783,Real->Real
0.5645334910865402,0.8032786885245902,0.4523809523809524,0.95,0.6129032258064516,Real->Syn
0.19194297398747864,0.4098360655737705,1.0,0.3684210526315789,0.5384615384615384,Syn->Real
0.9273809523809524,0.9672131147540983,0.9523809523809523,0.9523809523809523,0.9523809523809523,Syn->Syn
