MCC,Accuracy,Recall,Precision,F1,Scenario
0.890426074785198,0.9508196721311475,0.9047619047619048,0.95,0.926829268292683,Real->Real
0.8551142566368143,0.9344262295081968,0.8333333333333334,0.9722222222222222,0.8974358974358975,Real->Syn
0.8089469307551117,0.9098360655737705,0.9285714285714286,0.8297872340425532,0.8764044943820225,Syn->Real
0.908861466370731,0.9590163934426229,0.9285714285714286,0.9512195121951219,0.9397590361445783,Syn->Syn
