MCC,Accuracy,Recall,Precision,F1,Scenario
0.890426074785198,0.9508196721311475,0.9047619047619048,0.95,0.926829268292683,Real->Real
0.24173133905801245,0.4672131147540984,0.9761904761904762,0.3904761904761905,0.5578231292517006,Real->Syn
0.5232487192022397,0.7131147540983607,0.9523809523809523,0.547945205479452,0.6956521739130435,Syn->Real
0.909056005238362,0.9590163934426229,0.9047619047619048,0.9743589743589743,0.9382716049382716,Syn->Syn
