MCC,Accuracy,Recall,Precision,F1,Scenario
0.890426074785198,0.9508196721311475,0.9047619047619048,0.95,0.926829268292683,Real->Real
0.0,0.3442622950819672,1.0,0.3442622950819672,0.5121951219512195,Real->Syn
0.35361184366312726,0.5737704918032787,0.9523809523809523,0.4444444444444444,0.6060606060606061,Syn->Real
0.9271757301044788,0.9672131147540983,0.9285714285714286,0.975,0.9512195121951219,Syn->Syn
