MCC,Accuracy,Recall,Precision,F1,Scenario
0.908861466370731,0.9590163934426229,0.9285714285714286,0.9512195121951219,0.9397590361445783,Real->Real
0.8720630657323314,0.9426229508196722,0.8809523809523809,0.9487179487179487,0.9135802469135802,Real->Syn
0.875376219064817,0.9426229508196722,0.8333333333333334,1.0,0.9090909090909091,Syn->Real
0.9098848859214089,0.9590163934426229,0.9523809523809523,0.9302325581395349,0.9411764705882353,Syn->Syn
