MCC,Accuracy,Recall,Precision,F1,Scenario
0.890426074785198,0.9508196721311475,0.9047619047619048,0.95,0.926829268292683,Real->Real
0.9105666656873974,0.9590163934426229,0.8809523809523809,1.0,0.9367088607594937,Real->Syn
0.8723393652846871,0.9426229508196722,0.9047619047619048,0.926829268292683,0.9156626506024096,Syn->Real
0.890426074785198,0.9508196721311475,0.9047619047619048,0.95,0.926829268292683,Syn->Syn
