MCC,Accuracy,Recall,Precision,F1,Scenario
0.890426074785198,0.9508196721311475,0.9047619047619048,0.95,0.926829268292683,Real->Real
0.6700137684936642,0.8278688524590164,0.9285714285714286,0.6842105263157895,0.7878787878787878,Real->Syn
0.5741692517632145,0.8032786885245902,0.42857142857142855,1.0,0.6,Syn->Real
0.908861466370731,0.9590163934426229,0.9285714285714286,0.9512195121951219,0.9397590361445783,Syn->Syn
