MCC,Accuracy,Recall,Precision,F1,Scenario
0.908861466370731,0.9590163934426229,0.9285714285714286,0.9512195121951219,0.9397590361445783,Real->Real
0.8015564511991882,0.9098360655737705,0.7619047619047619,0.9696969696969697,0.8533333333333334,Real->Syn
0.2949805555261705,0.5081967213114754,0.9761904761904762,0.41,0.5774647887323944,Syn->Real
0.890426074785198,0.9508196721311475,0.9047619047619048,0.95,0.926829268292683,Syn->Syn
