k,jaccard,n_overlap
10,0.0,0
50,0.030927835051546393,3
100,0.03626943005181347,7
200,0.04712041884816754,18
500,0.06496272630457935,61
1000,0.10253583241455347,186
