k,jaccard,n_overlap
10,0.0,0
50,0.0,0
100,0.030927835051546393,6
200,0.044386422976501305,17
500,0.08459869848156182,78
1000,0.12044817927170869,215
