k,jaccard,n_overlap
10,0.0,0
50,0.0,0
100,0.005025125628140704,1
200,0.012658227848101266,5
500,0.04712041884816754,45
1000,0.07933081489476525,147
