k,jaccard,n_overlap
10,0.25,4
50,0.4492753623188406,31
100,0.4492753623188406,62
200,0.44404332129963897,123
500,0.47058823529411764,320
1000,0.5071590052750565,673
