k,jaccard,n_overlap
10,0.0,0
50,0.0,0
100,0.010101010101010102,2
200,0.023017902813299233,9
500,0.03734439834024896,36
1000,0.07991360691144708,148
