Algorithm,Library,Spearman_Rho,P_Value
QN,KEGG_2021_Human,0.8686176757109845,0.009900990099009901
