Algorithm,Library,Spearman_Rho,P_Value
YUGENE,KEGG_2021_Human,0.8566556089563685,0.009900990099009901
