Algorithm,Library,Spearman_Rho,P_Value
TDM,KEGG_2021_Human,0.8493327326055787,0.009900990099009901
