MCC,Accuracy,Recall,Precision,F1,Scenario
0.9279636982416336,0.968503937007874,0.9512195121951219,0.9512195121951219,0.9512195121951219,Real->Real
0.8544916076049598,0.937007874015748,0.8536585365853658,0.9459459459459459,0.8974358974358975,Real->Syn
0.061511657563767176,0.33070866141732286,1.0,0.3253968253968254,0.49101796407185627,Syn->Real
0.9639818491208167,0.984251968503937,0.975609756097561,0.975609756097561,0.975609756097561,Syn->Syn
