MCC,Accuracy,Recall,Precision,F1,Scenario
0.9639818491208167,0.984251968503937,0.975609756097561,0.975609756097561,0.975609756097561,Real->Real
0.8179186733826768,0.9212598425196851,0.8048780487804879,0.9428571428571428,0.868421052631579,Real->Syn
0.8919455473624504,0.952755905511811,0.926829268292683,0.926829268292683,0.926829268292683,Syn->Real
0.8811956255307053,0.9448818897637795,0.975609756097561,0.8695652173913043,0.9195402298850575,Syn->Syn
