MCC,Accuracy,Recall,Precision,F1,Scenario
0.9279636982416336,0.968503937007874,0.9512195121951219,0.9512195121951219,0.9512195121951219,Real->Real
0.7113961139894909,0.8740157480314961,0.6341463414634146,0.9629629629629629,0.7647058823529411,Real->Syn
0.7560137689870461,0.8740157480314961,0.975609756097561,0.7272727272727273,0.8333333333333334,Syn->Real
0.8775383848014857,0.9448818897637795,0.9512195121951219,0.8863636363636364,0.9176470588235294,Syn->Syn
