k,jaccard,n_overlap
10,0.0,0
50,0.02040816326530612,2
100,0.02040816326530612,4
200,0.041666666666666664,16
500,0.09409190371991247,86
1000,0.14285714285714285,250
