k,jaccard,n_overlap
10,0.3333333333333333,5
50,0.4084507042253521,29
100,0.4084507042253521,58
200,0.4652014652014652,127
500,0.4662756598240469,318
1000,0.5015015015015015,668
