threshold,jaccard,n_real
0.0001,0.18399698056237027,2951
0.001,0.2411313518696069,3644
0.01,0.32433883742784264,4625
0.05,0.4260890264222804,5696
0.1,0.4844706415778735,6295
0.2,0.5682309688581315,7040
0.5,0.735498366013072,8358
