k,jaccard,n_overlap
10,0.17647058823529413,3
50,0.35135135135135137,26
100,0.3986013986013986,57
200,0.43884892086330934,122
500,0.4684287812041116,319
1000,0.4771048744460857,646
