threshold,jaccard,n_real,n_fake,n_overlap
0.0001,0.6012311901504788,3234,3789,2637
0.001,0.6109221466364324,3984,4541,3233
0.01,0.6339599572061745,5071,5620,4148
0.05,0.6663160662634762,6119,6555,5068
0.1,0.6826829268292683,6731,7067,5598
0.2,0.719102403462809,7392,7700,6313
0.5,0.8069430051813471,8646,8791,7787
1.0,1.0,10042,10042,10042
