k,jaccard,n_overlap
10,0.3333333333333333,5
50,0.4084507042253521,29
100,0.42857142857142855,60
200,0.47601476014760147,129
500,0.4749262536873156,322
1000,0.5105740181268882,676
