k,jaccard,n_overlap
10,0.0,0
50,0.041666666666666664,4
100,0.04712041884816754,9
200,0.0989010989010989,36
500,0.18623962040332148,157
1000,0.287001287001287,446
