k,jaccard,n_overlap
10,0.05263157894736842,1
50,0.17647058823529413,15
100,0.19047619047619047,32
200,0.23076923076923078,75
500,0.2376237623762376,192
1000,0.24069478908188585,388
