k,jaccard,n_overlap
10,0.1111111111111111,2
50,0.3888888888888889,28
100,0.4492753623188406,62
200,0.4652014652014652,127
500,0.4992503748125937,333
1000,0.5337423312883436,696
