k,jaccard,n_overlap
10,0.3333333333333333,5
50,0.42857142857142855,30
100,0.43884892086330934,61
200,0.48698884758364314,131
500,0.4771048744460857,323
1000,0.5105740181268882,676
