k,jaccard,n_overlap
10,0.05263157894736842,1
50,0.3157894736842105,24
100,0.3698630136986301,54
200,0.4084507042253521,116
500,0.4513788098693759,311
1000,0.5163002274450341,681
