k,jaccard,n_overlap
10,0.3333333333333333,5
50,0.3888888888888889,28
100,0.3986013986013986,57
200,0.45985401459854014,126
500,0.4771048744460857,323
1000,0.4880952380952381,656
