k,jaccard,n_overlap
10,0.0,0
50,0.030927835051546393,3
100,0.041666666666666664,8
200,0.07238605898123325,27
500,0.11982082866741321,107
1000,0.19189511323003575,322
