k,jaccard,n_overlap
10,0.05263157894736842,1
50,0.16279069767441862,14
100,0.17647058823529413,30
200,0.1661807580174927,57
500,0.22249388753056235,182
1000,0.2360939431396786,382
