MCC,Accuracy,Recall,Precision,F1,Scenario
0.8978861920843084,0.9548872180451128,0.8863636363636364,0.975,0.9285714285714286,Real->Real
0.0,0.3308270676691729,1.0,0.3308270676691729,0.4971751412429379,Real->Syn
0.7318232251178312,0.8571428571428571,0.9772727272727273,0.7049180327868853,0.819047619047619,Syn->Real
0.9160876783525692,0.9624060150375939,0.8863636363636364,1.0,0.9397590361445783,Syn->Syn
