MCC,Accuracy,Recall,Precision,F1,Scenario
0.8978861920843084,0.9548872180451128,0.8863636363636364,0.975,0.9285714285714286,Real->Real
0.7601039253308594,0.8872180451127819,0.9090909090909091,0.7843137254901961,0.8421052631578947,Real->Syn
0.7028809271060132,0.849624060150376,0.9318181818181818,0.7068965517241379,0.803921568627451,Syn->Real
0.8974557275737187,0.9548872180451128,0.9090909090909091,0.9523809523809523,0.9302325581395349,Syn->Syn
