MCC,Accuracy,Recall,Precision,F1,Scenario
0.9160876783525692,0.9624060150375939,0.8863636363636364,1.0,0.9397590361445783,Real->Real
0.7272385735528996,0.8721804511278195,0.8863636363636364,0.7647058823529411,0.8210526315789474,Real->Syn
0.41100511812805235,0.6842105263157895,0.8181818181818182,0.5142857142857142,0.631578947368421,Syn->Real
0.9147346904362217,0.9624060150375939,0.9318181818181818,0.9534883720930233,0.9425287356321839,Syn->Syn
