k,jaccard,n_overlap
10,0.0,0
50,0.05263157894736842,5
100,0.11731843575418995,21
200,0.1661807580174927,57
500,0.26262626262626265,208
1000,0.3717421124828532,542
