k,jaccard,n_overlap
10,0.25,4
50,0.35135135135135137,26
100,0.41843971631205673,59
200,0.45985401459854014,126
500,0.4749262536873156,322
1000,0.4903129657228018,658
