k,jaccard,n_overlap
10,0.0,0
50,0.010101010101010102,1
100,0.03626943005181347,7
200,0.09289617486338798,34
500,0.1834319526627219,155
1000,0.29533678756476683,456
