MCC,Accuracy,Recall,Precision,F1,Scenario
0.8559810093524816,0.9365079365079365,0.8809523809523809,0.925,0.9024390243902439,Real->Real
0.7275476020141094,0.8809523809523809,0.7142857142857143,0.9090909090909091,0.8,Real->Syn
0.8921492210152624,0.9523809523809523,0.9047619047619048,0.95,0.926829268292683,Syn->Real
0.8198127976897006,0.9206349206349206,0.8571428571428571,0.9,0.8780487804878049,Syn->Syn
