MCC,Accuracy,Recall,Precision,F1,Scenario
0.8926366781812463,0.9523809523809523,0.8809523809523809,0.9736842105263158,0.925,Real->Real
0.6504436355879909,0.8412698412698413,0.5238095238095238,1.0,0.6875,Real->Syn
0.6934505106726307,0.8492063492063492,0.9047619047619048,0.7169811320754716,0.8,Syn->Real
0.8559529790779073,0.9365079365079365,0.8571428571428571,0.9473684210526315,0.9,Syn->Syn
