MCC,Accuracy,Recall,Precision,F1,Scenario
0.8926366781812463,0.9523809523809523,0.8809523809523809,0.9736842105263158,0.925,Real->Real
0.7154327524817515,0.873015873015873,0.6428571428571429,0.9642857142857143,0.7714285714285715,Real->Syn
0.0,0.3333333333333333,1.0,0.3333333333333333,0.5,Syn->Real
0.8559810093524816,0.9365079365079365,0.8809523809523809,0.925,0.9024390243902439,Syn->Syn
