k,jaccard,n_overlap
10,0.0,0
50,0.0,0
100,0.015228426395939087,3
200,0.03626943005181347,14
500,0.0672358591248666,63
1000,0.10741971207087486,194
