k,jaccard,n_overlap
10,0.0,0
50,0.010101010101010102,1
100,0.030927835051546393,6
200,0.05263157894736842,20
500,0.08108108108108109,75
1000,0.11607142857142858,208
