k,jaccard,n_overlap
10,0.3333333333333333,5
50,0.4084507042253521,29
100,0.45985401459854014,63
200,0.45985401459854014,126
500,0.4684287812041116,319
1000,0.5037593984962406,670
