MCC,Accuracy,Recall,Precision,F1,Scenario
0.8372348266627071,0.9262295081967213,0.8095238095238095,0.9714285714285714,0.8831168831168831,Real->Real
0.875376219064817,0.9426229508196722,0.8333333333333334,1.0,0.9090909090909091,Real->Syn
0.8910133426739523,0.9508196721311475,0.8809523809523809,0.9736842105263158,0.925,Syn->Real
0.908861466370731,0.9590163934426229,0.9285714285714286,0.9512195121951219,0.9397590361445783,Syn->Syn
