MCC,Accuracy,Recall,Precision,F1,Scenario
0.8355064405428957,0.9262295081967213,0.8333333333333334,0.9459459459459459,0.8860759493670886,Real->Real
0.7990934342605972,0.9098360655737705,0.7857142857142857,0.9428571428571428,0.8571428571428571,Real->Syn
0.8737736445152893,0.9426229508196722,0.9285714285714286,0.9069767441860465,0.9176470588235294,Syn->Real
0.8169267641466363,0.9180327868852459,0.8571428571428571,0.9,0.8780487804878049,Syn->Syn
