MCC,Accuracy,Recall,Precision,F1,Scenario
0.8355064405428957,0.9262295081967213,0.8333333333333334,0.9459459459459459,0.8860759493670886,Real->Real
0.20448510775123796,0.4180327868852459,1.0,0.37168141592920356,0.5419354838709678,Real->Syn
0.743624695757097,0.8770491803278688,0.9047619047619048,0.7755102040816326,0.8351648351648352,Syn->Real
0.8372348266627071,0.9262295081967213,0.8095238095238095,0.9714285714285714,0.8831168831168831,Syn->Syn
