k,jaccard,n_overlap
10,0.05263157894736842,1
50,0.06382978723404255,6
100,0.1695906432748538,29
200,0.17647058823529413,60
500,0.22549019607843138,184
1000,0.2578616352201258,410
