k,jaccard,n_overlap
10,0.3333333333333333,5
50,0.3698630136986301,27
100,0.43884892086330934,61
200,0.44404332129963897,123
500,0.4662756598240469,318
1000,0.49812734082397003,665
