k,jaccard,n_overlap
10,0.17647058823529413,3
50,0.1111111111111111,10
100,0.14942528735632185,26
200,0.17302052785923755,59
500,0.22399020807833536,183
1000,0.2634238787113076,417
