MCC,Accuracy,Recall,Precision,F1,Scenario
0.8671309772227989,0.9421487603305785,0.8461538461538461,0.9705882352941176,0.9041095890410958,Real->Real
0.0800025525928555,0.5619834710743802,0.48717948717948717,0.36538461538461536,0.4175824175824176,Real->Syn
-0.19937948385430354,0.39669421487603307,0.38461538461538464,0.234375,0.2912621359223301,Syn->Real
0.7502623389699417,0.8925619834710744,0.7948717948717948,0.8611111111111112,0.8266666666666667,Syn->Syn
