MCC,Accuracy,Recall,Precision,F1,Scenario
0.8482483269057445,0.9338842975206612,0.8205128205128205,0.9696969696969697,0.8888888888888888,Real->Real
-0.22358178499020645,0.36363636363636365,0.4358974358974359,0.2361111111111111,0.3063063063063063,Real->Syn
0.0,0.32231404958677684,1.0,0.32231404958677684,0.4875,Syn->Real
0.8855960670850405,0.9504132231404959,0.8974358974358975,0.9459459459459459,0.9210526315789473,Syn->Syn
