MCC,Accuracy,Recall,Precision,F1,Scenario
0.8482483269057445,0.9338842975206612,0.8205128205128205,0.9696969696969697,0.8888888888888888,Real->Real
0.5272492949477489,0.71900826446281,0.9487179487179487,0.5362318840579711,0.6851851851851852,Real->Syn
0.0,0.32231404958677684,1.0,0.32231404958677684,0.4875,Syn->Real
0.8671309772227989,0.9421487603305785,0.8461538461538461,0.9705882352941176,0.9041095890410958,Syn->Syn
