MCC,Accuracy,Recall,Precision,F1,Scenario
0.8975358779313021,0.9545454545454546,0.8863636363636364,0.975,0.9285714285714286,Real->Real
0.7396934513601642,0.8863636363636364,0.7727272727272727,0.8717948717948718,0.8192771084337349,Real->Syn
0.7513428837969107,0.8636363636363636,1.0,0.7096774193548387,0.8301886792452831,Syn->Real
0.847579379526013,0.9318181818181818,0.9090909090909091,0.8888888888888888,0.898876404494382,Syn->Syn
