MCC,Accuracy,Recall,Precision,F1,Scenario
0.8975358779313021,0.9545454545454546,0.8863636363636364,0.975,0.9285714285714286,Real->Real
0.7834930670648043,0.9015151515151515,0.7045454545454546,1.0,0.8266666666666667,Real->Syn
0.0,0.3333333333333333,1.0,0.3333333333333333,0.5,Syn->Real
0.9325048082403138,0.9696969696969697,0.9090909090909091,1.0,0.9523809523809523,Syn->Syn
