MCC,Accuracy,Recall,Precision,F1,Scenario
0.9325048082403138,0.9696969696969697,0.9090909090909091,1.0,0.9523809523809523,Real->Real
0.7076711573488554,0.8712121212121212,0.6590909090909091,0.9354838709677419,0.7733333333333333,Real->Syn
0.8171505630757668,0.9090909090909091,0.9772727272727273,0.7962962962962963,0.8775510204081632,Syn->Real
0.8656604695455792,0.9393939393939394,0.9318181818181818,0.8913043478260869,0.9111111111111111,Syn->Syn
