k,jaccard,n_overlap
10,0.0,0
50,0.06382978723404255,6
100,0.08695652173913043,16
200,0.1267605633802817,45
500,0.24688279301745636,198
1000,0.3422818791946309,510
