k,jaccard,n_overlap
10,0.3333333333333333,5
50,0.4492753623188406,31
100,0.45985401459854014,63
200,0.4652014652014652,127
500,0.47928994082840237,324
1000,0.5060240963855421,672
