k,jaccard,n_overlap
10,0.0,0
50,0.05263157894736842,5
100,0.08695652173913043,16
200,0.15606936416184972,54
500,0.2360939431396786,191
1000,0.31926121372031663,484
