k,jaccard,n_overlap
10,0.0,0
50,0.02040816326530612,2
100,0.030927835051546393,6
200,0.06666666666666667,25
500,0.09649122807017543,88
1000,0.1621150493898896,279
