k,jaccard,n_overlap
10,0.0,0
50,0.02040816326530612,2
100,0.03626943005181347,7
200,0.04712041884816754,18
500,0.08577633007600434,79
1000,0.1357183418512209,239
