k,jaccard,n_overlap
10,0.25,4
50,0.4925373134328358,33
100,0.4492753623188406,62
200,0.44404332129963897,123
500,0.46412884333821375,317
1000,0.5003750937734434,667
