k,jaccard,n_overlap
10,0.0,0
50,0.02040816326530612,2
100,0.03626943005181347,7
200,0.041666666666666664,16
500,0.06496272630457935,61
1000,0.088139281828074,162
