k,jaccard,n_overlap
10,0.17647058823529413,3
50,0.3333333333333333,25
100,0.42857142857142855,60
200,0.47601476014760147,129
500,0.47928994082840237,324
1000,0.48148148148148145,650
