MCC,Accuracy,Recall,Precision,F1,Scenario
0.9167170924734274,0.9622641509433962,0.918918918918919,0.9714285714285714,0.9444444444444444,Real->Real
0.8181923181249439,0.9150943396226415,0.7567567567567568,1.0,0.8615384615384616,Real->Syn
0.855767967056435,0.9339622641509434,0.918918918918919,0.8947368421052632,0.9066666666666666,Syn->Real
0.9167170924734274,0.9622641509433962,0.918918918918919,0.9714285714285714,0.9444444444444444,Syn->Syn
