MCC,Accuracy,Recall,Precision,F1,Scenario
0.9375321563466159,0.9716981132075472,0.9459459459459459,0.9722222222222222,0.958904109589041,Real->Real
0.8579806919213364,0.9339622641509434,0.8108108108108109,1.0,0.8955223880597015,Real->Syn
0.8777208355380075,0.9433962264150944,0.9459459459459459,0.8974358974358975,0.9210526315789473,Syn->Real
0.9384192190224103,0.9716981132075472,0.918918918918919,1.0,0.9577464788732394,Syn->Syn
