MCC,Accuracy,Recall,Precision,F1,Scenario
0.9375321563466159,0.9716981132075472,0.9459459459459459,0.9722222222222222,0.958904109589041,Real->Real
0.0,0.3490566037735849,1.0,0.3490566037735849,0.5174825174825175,Real->Syn
0.6314789072617955,0.8301886792452831,0.7837837837837838,0.7435897435897436,0.7631578947368421,Syn->Real
0.9167170924734274,0.9622641509433962,0.918918918918919,0.9714285714285714,0.9444444444444444,Syn->Syn
