threshold,jaccard,n_real,n_fake,n_overlap
0.0001,0.42018554062699937,3083,5796,2627
0.001,0.46229789669480614,3836,6384,3231
0.01,0.5181714575155122,4893,7096,4092
0.05,0.5937609125829356,5970,7722,5101
0.1,0.6394787102572744,6545,8048,5692
0.2,0.696871278553643,7245,8429,6437
0.5,0.8186442437454583,8435,9084,7886
1.0,1.0,9828,9828,9828
