k,jaccard,n_overlap
10,0.05263157894736842,1
50,0.06382978723404255,6
100,0.0989010989010989,18
200,0.1695906432748538,58
500,0.2936610608020699,227
1000,0.40350877192982454,575
