k,jaccard,n_overlap
10,0.3333333333333333,5
50,0.4084507042253521,29
100,0.4084507042253521,58
200,0.4492753623188406,124
500,0.4903129657228018,329
1000,0.4903129657228018,658
