k,jaccard,n_overlap
10,0.0,0
50,0.02040816326530612,2
100,0.0582010582010582,11
200,0.08991825613079019,33
500,0.22249388753056235,182
1000,0.3218770654329147,487
