k,jaccard,n_overlap
10,0.3333333333333333,5
50,0.42857142857142855,30
100,0.41843971631205673,59
200,0.42857142857142855,120
500,0.4727540500736377,321
1000,0.49588631264023936,663
