k,jaccard,n_overlap
10,0.05263157894736842,1
50,0.030927835051546393,3
100,0.04712041884816754,9
200,0.04712041884816754,18
500,0.08108108108108109,75
1000,0.10619469026548672,192
