k,jaccard,n_overlap
10,0.0,0
50,0.0,0
100,0.0,0
200,0.0,0
500,0.015228426395939087,15
1000,0.04712041884816754,90
