k,jaccard,n_overlap
10,0.42857142857142855,6
50,0.4084507042253521,29
100,0.3986013986013986,57
200,0.4492753623188406,124
500,0.4771048744460857,323
1000,0.5060240963855421,672
