k,jaccard,n_overlap
10,0.0,0
50,0.02040816326530612,2
100,0.06382978723404255,12
200,0.06951871657754011,26
500,0.12359550561797752,110
1000,0.17508813160987075,298
