k,jaccard,n_overlap
10,0.0,0
50,0.05263157894736842,5
100,0.0582010582010582,11
200,0.0958904109589041,35
500,0.1695906432748538,145
1000,0.22399020807833536,366
