MCC,Accuracy,Recall,Precision,F1,Scenario
0.9318340719767443,0.9699248120300752,0.9318181818181818,0.9761904761904762,0.9534883720930233,Real->Real
0.4559140904536526,0.6691729323308271,0.9318181818181818,0.5,0.6507936507936508,Real->Syn
0.2781753654659684,0.46616541353383456,1.0,0.3826086956521739,0.5534591194968553,Syn->Real
0.7759624519051184,0.9022556390977443,0.7727272727272727,0.918918918918919,0.8395061728395061,Syn->Syn
