MCC,Accuracy,Recall,Precision,F1,Scenario
0.9318340719767443,0.9699248120300752,0.9318181818181818,0.9761904761904762,0.9534883720930233,Real->Real
0.5915332175578448,0.7744360902255639,0.9318181818181818,0.6029411764705882,0.7321428571428571,Real->Syn
0.750533889743323,0.8872180451127819,0.8636363636363636,0.8085106382978723,0.8351648351648352,Syn->Real
0.7933746337635766,0.9097744360902256,0.7954545454545454,0.9210526315789473,0.8536585365853658,Syn->Syn
