MCC,Accuracy,Recall,Precision,F1,Scenario
0.9318340719767443,0.9699248120300752,0.9318181818181818,0.9761904761904762,0.9534883720930233,Real->Real
0.0,0.3308270676691729,1.0,0.3308270676691729,0.4971751412429379,Real->Syn
0.5714731609651598,0.7819548872180451,0.8636363636363636,0.6229508196721312,0.7238095238095238,Syn->Real
0.9318340719767443,0.9699248120300752,0.9318181818181818,0.9761904761904762,0.9534883720930233,Syn->Syn
