MCC,Accuracy,Recall,Precision,F1,Scenario
0.9062013280612535,0.9586776859504132,0.925,0.9487179487179487,0.9367088607594937,Real->Real
0.739161008580277,0.8842975206611571,0.675,0.9642857142857143,0.7941176470588235,Real->Syn
0.7345178424690239,0.859504132231405,0.975,0.7090909090909091,0.8210526315789474,Syn->Real
0.887962962962963,0.9504132231404959,0.925,0.925,0.925,Syn->Syn
