MCC,Accuracy,Recall,Precision,F1,Scenario
0.887962962962963,0.9504132231404959,0.925,0.925,0.925,Real->Real
0.0,0.3305785123966942,1.0,0.3305785123966942,0.4968944099378882,Real->Syn
0.6439645750729057,0.8347107438016529,0.825,0.717391304347826,0.7674418604651163,Syn->Real
0.9062013280612535,0.9586776859504132,0.925,0.9487179487179487,0.9367088607594937,Syn->Syn
