MCC,Accuracy,Recall,Precision,F1,Scenario
0.887962962962963,0.9504132231404959,0.925,0.925,0.925,Real->Real
0.8114243665206844,0.9173553719008265,0.8,0.9411764705882353,0.8648648648648649,Real->Syn
0.820059629182209,0.9173553719008265,0.925,0.8409090909090909,0.8809523809523809,Syn->Real
0.8899684105181956,0.9504132231404959,0.95,0.9047619047619048,0.926829268292683,Syn->Syn
