k,jaccard,n_overlap
10,0.0,0
50,0.0,0
100,0.03626943005181347,7
200,0.05263157894736842,20
500,0.07296137339055794,68
1000,0.1267605633802817,225
