k,jaccard,n_overlap
10,0.0,0
50,0.0,0
100,0.005025125628140704,1
200,0.017811704834605598,7
500,0.04712041884816754,45
1000,0.09769484083424808,178
