k,jaccard,n_overlap
10,0.3333333333333333,5
50,0.42857142857142855,30
100,0.43884892086330934,61
200,0.44404332129963897,123
500,0.4727540500736377,321
1000,0.5003750937734434,667
