MCC,Accuracy,Recall,Precision,F1,Scenario
0.8991276926969034,0.9548872180451128,0.8888888888888888,0.975609756097561,0.9302325581395349,Real->Real
0.6238264365733048,0.8345864661654135,0.7111111111111111,0.7804878048780488,0.7441860465116279,Real->Syn
0.569122560998835,0.8120300751879699,0.5111111111111111,0.8846153846153846,0.647887323943662,Syn->Real
0.8309350667374293,0.924812030075188,0.8222222222222222,0.9487179487179487,0.8809523809523809,Syn->Syn
