MCC,Accuracy,Recall,Precision,F1,Scenario
0.8991276926969034,0.9548872180451128,0.8888888888888888,0.975609756097561,0.9302325581395349,Real->Real
0.8195150628704789,0.9172932330827067,0.7555555555555555,1.0,0.8607594936708861,Real->Syn
0.0,0.3383458646616541,1.0,0.3383458646616541,0.5056179775280899,Syn->Real
0.8991276926969034,0.9548872180451128,0.8888888888888888,0.975609756097561,0.9302325581395349,Syn->Syn
