MCC,Accuracy,Recall,Precision,F1,Scenario
0.8991276926969034,0.9548872180451128,0.8888888888888888,0.975609756097561,0.9302325581395349,Real->Real
0.705771356423006,0.8646616541353384,0.6,1.0,0.75,Real->Syn
0.6608354818322751,0.849624060150376,0.7555555555555555,0.7906976744186046,0.7727272727272727,Syn->Real
0.8991276926969034,0.9548872180451128,0.8888888888888888,0.975609756097561,0.9302325581395349,Syn->Syn
