k,jaccard,n_overlap
10,0.3333333333333333,5
50,0.35135135135135137,26
100,0.42857142857142855,60
200,0.4492753623188406,124
500,0.47058823529411764,320
1000,0.4836795252225519,652
