k,jaccard,n_overlap
10,0.17647058823529413,3
50,0.16279069767441862,14
100,0.17647058823529413,30
200,0.19402985074626866,65
500,0.2376237623762376,192
1000,0.2484394506866417,398
