k,jaccard,n_overlap
10,0.1111111111111111,2
50,0.28205128205128205,22
100,0.3157894736842105,48
200,0.38408304498269896,111
500,0.4409221902017291,306
1000,0.4513788098693759,622
