k,jaccard,n_overlap
10,0.3333333333333333,5
50,0.35135135135135137,26
100,0.41843971631205673,59
200,0.44404332129963897,123
500,0.47058823529411764,320
1000,0.48588410104011887,654
