threshold,jaccard,n_real,n_fake,n_overlap
0.0001,0.5895886590750639,3137,3703,2537
0.001,0.6078770413064362,3880,4489,3164
0.01,0.6302936630602782,4987,5561,4078
0.05,0.6636267512556172,6056,6531,5021
0.1,0.6845282089184528,6640,7035,5557
0.2,0.7165444546287809,7360,7622,6254
0.5,0.8037033184229689,8607,8732,7726
1.0,1.0,10042,10042,10042
