k,jaccard,n_overlap
10,0.17647058823529413,3
50,0.26582278481012656,21
100,0.3793103448275862,55
200,0.4134275618374558,117
500,0.4619883040935672,316
1000,0.4587892049598833,629
