k,jaccard,n_overlap
10,0.25,4
50,0.35135135135135137,26
100,0.42857142857142855,60
200,0.4084507042253521,116
500,0.48588410104011887,327
1000,0.5174506828528073,682
