k,jaccard,n_overlap
10,0.1111111111111111,2
50,0.07526881720430108,7
100,0.07526881720430108,14
200,0.12359550561797752,44
500,0.2315270935960591,188
1000,0.3166556945358789,481
