k,jaccard,n_overlap
10,0.17647058823529413,3
50,0.3333333333333333,25
100,0.3333333333333333,50
200,0.3745704467353952,109
500,0.4513788098693759,311
1000,0.4947683109118087,662
