k,jaccard,n_overlap
10,0.1111111111111111,2
50,0.17647058823529413,15
100,0.1834319526627219,31
200,0.19402985074626866,65
500,0.23001230012300122,187
1000,0.22774708410067526,371
