k,jaccard,n_overlap
10,0.1111111111111111,2
50,0.12359550561797752,11
100,0.14942528735632185,26
200,0.15606936416184972,54
500,0.2936610608020699,227
1000,0.38408304498269896,555
