k,jaccard,n_overlap
10,0.3333333333333333,5
50,0.4084507042253521,29
100,0.4084507042253521,58
200,0.45454545454545453,125
500,0.4727540500736377,321
1000,0.5003750937734434,667
