k,jaccard,n_overlap
10,0.0,0
50,0.0,0
100,0.015228426395939087,3
200,0.028277634961439587,11
500,0.04602510460251046,44
1000,0.08459869848156182,156
