k,jaccard,n_overlap
10,0.0,0
50,0.010101010101010102,1
100,0.02564102564102564,5
200,0.03359173126614987,13
500,0.0559662090813094,53
1000,0.10864745011086474,196
