MCC,Accuracy,Recall,Precision,F1,Scenario
0.8787448511194725,0.9457364341085271,0.9090909090909091,0.9302325581395349,0.9195402298850575,Real->Real
0.0,0.34108527131782945,1.0,0.34108527131782945,0.5086705202312138,Real->Syn
0.5723851157869024,0.7286821705426356,1.0,0.5569620253164557,0.7154471544715447,Syn->Real
0.8784759976095187,0.9457364341085271,0.8863636363636364,0.9512195121951219,0.9176470588235294,Syn->Syn
