MCC,Accuracy,Recall,Precision,F1,Scenario
0.8787448511194725,0.9457364341085271,0.9090909090909091,0.9302325581395349,0.9195402298850575,Real->Real
0.8091260937180429,0.9147286821705426,0.7954545454545454,0.9459459459459459,0.8641975308641975,Real->Syn
0.7993114485855738,0.9069767441860465,0.9090909090909091,0.8333333333333334,0.8695652173913043,Syn->Real
0.845756645578146,0.9302325581395349,0.9090909090909091,0.8888888888888888,0.898876404494382,Syn->Syn
