MCC,Accuracy,Recall,Precision,F1,Scenario
0.8784759976095187,0.9457364341085271,0.8863636363636364,0.9512195121951219,0.9176470588235294,Real->Real
0.8282992968397294,0.9224806201550387,0.7954545454545454,0.9722222222222222,0.875,Real->Syn
0.6401592939016253,0.7829457364341085,1.0,0.6111111111111112,0.7586206896551724,Syn->Real
0.8800656415780141,0.9457364341085271,0.9318181818181818,0.9111111111111111,0.9213483146067416,Syn->Syn
