k,jaccard,n_overlap
10,0.25,4
50,0.28205128205128205,22
100,0.3986013986013986,57
200,0.4084507042253521,116
500,0.4577259475218659,314
1000,0.4781966001478197,647
