k,jaccard,n_overlap
10,0.0,0
50,0.030927835051546393,3
100,0.0582010582010582,11
200,0.06951871657754011,26
500,0.17647058823529413,150
1000,0.287001287001287,446
