k,jaccard,n_overlap
10,0.1111111111111111,2
50,0.19047619047619047,16
100,0.22699386503067484,37
200,0.25,80
500,0.32275132275132273,244
1000,0.35501355013550134,524
