MCC,Accuracy,Recall,Precision,F1,Scenario
0.8990250727083087,0.9552238805970149,0.9111111111111111,0.9534883720930233,0.9318181818181818,Real->Real
0.7443978059383226,0.8805970149253731,0.8888888888888888,0.7843137254901961,0.8333333333333334,Real->Syn
0.44806650622701105,0.7164179104477612,0.8,0.5538461538461539,0.6545454545454545,Syn->Real
0.8529193834180494,0.9328358208955224,0.9333333333333333,0.875,0.9032258064516129,Syn->Syn
