MCC,Accuracy,Recall,Precision,F1,Scenario
0.8990250727083087,0.9552238805970149,0.9111111111111111,0.9534883720930233,0.9318181818181818,Real->Real
0.0,0.3358208955223881,1.0,0.3358208955223881,0.5027932960893855,Real->Syn
0.4895247564896413,0.6716417910447762,0.9777777777777777,0.5057471264367817,0.6666666666666666,Syn->Real
0.8990250727083087,0.9552238805970149,0.9111111111111111,0.9534883720930233,0.9318181818181818,Syn->Syn
