MCC,Accuracy,Recall,Precision,F1,Scenario
0.8990250727083087,0.9552238805970149,0.9111111111111111,0.9534883720930233,0.9318181818181818,Real->Real
0.6918473809435361,0.8656716417910447,0.7111111111111111,0.8648648648648649,0.7804878048780488,Real->Syn
0.4638497452647419,0.6343283582089553,1.0,0.4787234042553192,0.6474820143884892,Syn->Real
0.866167290886392,0.9402985074626866,0.9111111111111111,0.9111111111111111,0.9111111111111111,Syn->Syn
