MCC,Accuracy,Recall,Precision,F1,Scenario
0.76531191841575,0.8951612903225806,0.7906976744186046,0.8947368421052632,0.8395061728395061,Real->Real
0.7412277684026434,0.8790322580645161,0.6511627906976745,1.0,0.7887323943661971,Real->Syn
0.7974369637292078,0.9032258064516129,0.9302325581395349,0.8163265306122449,0.8695652173913043,Syn->Real
0.892595819503407,0.9516129032258065,0.9069767441860465,0.9512195121951219,0.9285714285714286,Syn->Syn
