MCC,Accuracy,Recall,Precision,F1,Scenario
0.76531191841575,0.8951612903225806,0.7906976744186046,0.8947368421052632,0.8395061728395061,Real->Real
0.5505182527104182,0.7338709677419355,0.9534883720930233,0.5694444444444444,0.7130434782608696,Real->Syn
0.7953782111526375,0.8951612903225806,0.9767441860465116,0.7777777777777778,0.865979381443299,Syn->Real
0.8265032305347235,0.9193548387096774,0.7674418604651163,1.0,0.868421052631579,Syn->Syn
