MCC,Accuracy,Recall,Precision,F1,Scenario
0.8265032305347235,0.9193548387096774,0.7674418604651163,1.0,0.868421052631579,Real->Real
0.805597849126099,0.9112903225806451,0.7674418604651163,0.9705882352941176,0.8571428571428571,Real->Syn
0.8205607517400341,0.9193548387096774,0.8604651162790697,0.9024390243902439,0.8809523809523809,Syn->Real
0.8201975451558546,0.9193548387096774,0.8372093023255814,0.9230769230769231,0.8780487804878049,Syn->Syn
