MCC,Accuracy,Recall,Precision,F1,Scenario
0.8137705579019217,0.9016393442622951,0.8166666666666667,0.98,0.8909090909090909,Real->Real
0.09241182231501156,0.5163934426229508,0.016666666666666666,1.0,0.03278688524590164,Real->Syn
0.055535974381191504,0.5163934426229508,0.03333333333333333,0.6666666666666666,0.06349206349206349,Syn->Real
0.5933082268219885,0.7622950819672131,0.5166666666666667,1.0,0.6813186813186813,Syn->Syn
