MCC,Accuracy,Recall,Precision,F1,Scenario
0.8575940281366637,0.9354838709677419,0.9069767441860465,0.9069767441860465,0.9069767441860465,Real->Real
0.0,0.3467741935483871,1.0,0.3467741935483871,0.5149700598802395,Real->Syn
0.7747989423416762,0.8870967741935484,0.9534883720930233,0.7735849056603774,0.8541666666666666,Syn->Real
0.8748514578845967,0.9435483870967742,0.9069767441860465,0.9285714285714286,0.9176470588235294,Syn->Syn
