MCC,Accuracy,Recall,Precision,F1,Scenario
0.8748514578845967,0.9435483870967742,0.9069767441860465,0.9285714285714286,0.9176470588235294,Real->Real
0.0,0.3467741935483871,1.0,0.3467741935483871,0.5149700598802395,Real->Syn
0.0,0.3467741935483871,1.0,0.3467741935483871,0.5149700598802395,Syn->Real
0.8949033233002582,0.9516129032258065,0.9534883720930233,0.9111111111111111,0.9318181818181818,Syn->Syn
