MCC,Accuracy,Recall,Precision,F1,Scenario
0.8748514578845967,0.9435483870967742,0.9069767441860465,0.9285714285714286,0.9176470588235294,Real->Real
0.8596641959299083,0.9354838709677419,0.9302325581395349,0.8888888888888888,0.9090909090909091,Real->Syn
0.8390489559777684,0.9274193548387096,0.8837209302325582,0.9047619047619048,0.8941176470588236,Syn->Real
0.8949033233002582,0.9516129032258065,0.9534883720930233,0.9111111111111111,0.9318181818181818,Syn->Syn
