MCC,Accuracy,Recall,Precision,F1,Scenario
0.8748514578845967,0.9435483870967742,0.9069767441860465,0.9285714285714286,0.9176470588235294,Real->Real
0.6057662190275458,0.7661290322580645,0.9767441860465116,0.6,0.7433628318584071,Real->Syn
0.0,0.3467741935483871,1.0,0.3467741935483871,0.5149700598802395,Syn->Real
0.8575940281366637,0.9354838709677419,0.9069767441860465,0.9069767441860465,0.9069767441860465,Syn->Syn
