MCC,Accuracy,Recall,Precision,F1,Scenario
0.8575940281366637,0.9354838709677419,0.9069767441860465,0.9069767441860465,0.9069767441860465,Real->Real
0.0,0.3467741935483871,1.0,0.3467741935483871,0.5149700598802395,Real->Syn
0.17821645781234657,0.4032258064516129,1.0,0.36752136752136755,0.5375,Syn->Real
0.8575940281366637,0.9354838709677419,0.9069767441860465,0.9069767441860465,0.9069767441860465,Syn->Syn
