MCC,Accuracy,Recall,Precision,F1,Scenario
0.8575940281366637,0.9354838709677419,0.9069767441860465,0.9069767441860465,0.9069767441860465,Real->Real
0.8746115600459742,0.9435483870967742,0.8837209302325582,0.95,0.9156626506024096,Real->Syn
0.8230081725630599,0.9112903225806451,0.9767441860465116,0.8076923076923077,0.8842105263157894,Syn->Real
0.9653815780409581,0.9838709677419355,1.0,0.9555555555555556,0.9772727272727273,Syn->Syn
