MCC,Accuracy,Recall,Precision,F1,Scenario
0.8575940281366637,0.9354838709677419,0.9069767441860465,0.9069767441860465,0.9069767441860465,Real->Real
0.8575940281366637,0.9354838709677419,0.9069767441860465,0.9069767441860465,0.9069767441860465,Real->Syn
0.8949033233002582,0.9516129032258065,0.9534883720930233,0.9111111111111111,0.9318181818181818,Syn->Real
0.911622034277537,0.9596774193548387,0.9534883720930233,0.9318181818181818,0.9425287356321839,Syn->Syn
