MCC,Accuracy,Recall,Precision,F1,Scenario
0.8748514578845967,0.9435483870967742,0.9069767441860465,0.9285714285714286,0.9176470588235294,Real->Real
0.3844038540702408,0.5645161290322581,1.0,0.44329896907216493,0.6142857142857143,Real->Syn
0.0,0.3467741935483871,1.0,0.3467741935483871,0.5149700598802395,Syn->Real
0.8575940281366637,0.9354838709677419,0.9069767441860465,0.9069767441860465,0.9069767441860465,Syn->Syn
