MCC,Accuracy,Recall,Precision,F1,Scenario
0.8748514578845967,0.9435483870967742,0.9069767441860465,0.9285714285714286,0.9176470588235294,Real->Real
0.8931955211024979,0.9516129032258065,0.9302325581395349,0.9302325581395349,0.9302325581395349,Real->Syn
0.8472328586823842,0.9274193548387096,0.9534883720930233,0.8541666666666666,0.9010989010989011,Syn->Real
0.8575940281366637,0.9354838709677419,0.9069767441860465,0.9069767441860465,0.9069767441860465,Syn->Syn
