MCC,Accuracy,Recall,Precision,F1,Scenario
0.8748514578845967,0.9435483870967742,0.9069767441860465,0.9285714285714286,0.9176470588235294,Real->Real
0.6608271381079536,0.8145161290322581,0.9534883720930233,0.6612903225806451,0.780952380952381,Real->Syn
0.06569603553957257,0.3548387096774194,1.0,0.34959349593495936,0.5180722891566265,Syn->Real
0.8949033233002582,0.9516129032258065,0.9534883720930233,0.9111111111111111,0.9318181818181818,Syn->Syn
