MCC,Accuracy,Recall,Precision,F1,Scenario
0.9253018549811023,0.9672131147540983,0.925,0.9736842105263158,0.9487179487179487,Real->Real
0.8875975041769292,0.9508196721311475,0.9,0.9473684210526315,0.9230769230769231,Real->Syn
0.8718442289483608,0.9426229508196722,0.825,1.0,0.9041095890410958,Syn->Real
0.888073759085132,0.9508196721311475,0.875,0.9722222222222222,0.9210526315789473,Syn->Syn
