MCC,Accuracy,Recall,Precision,F1,Scenario
0.8875975041769292,0.9508196721311475,0.9,0.9473684210526315,0.9230769230769231,Real->Real
0.9081369080035019,0.9590163934426229,0.875,1.0,0.9333333333333333,Real->Syn
0.925609756097561,0.9672131147540983,0.95,0.95,0.95,Syn->Real
0.9630062057852755,0.9836065573770492,0.95,1.0,0.9743589743589743,Syn->Syn
