MCC,Accuracy,Recall,Precision,F1,Scenario
0.8875975041769292,0.9508196721311475,0.9,0.9473684210526315,0.9230769230769231,Real->Real
0.0,0.32786885245901637,1.0,0.32786885245901637,0.49382716049382713,Real->Syn
0.381187067849083,0.5573770491803278,1.0,0.425531914893617,0.5970149253731343,Syn->Real
0.9253018549811023,0.9672131147540983,0.925,0.9736842105263158,0.9487179487179487,Syn->Syn
