MCC,Accuracy,Recall,Precision,F1,Scenario
0.9253018549811023,0.9672131147540983,0.925,0.9736842105263158,0.9487179487179487,Real->Real
0.8899693559586501,0.9508196721311475,0.85,1.0,0.918918918918919,Real->Syn
0.8536764194659172,0.9344262295081968,0.925,0.8809523809523809,0.9024390243902439,Syn->Real
0.9440131838166578,0.9754098360655737,0.95,0.9743589743589743,0.9620253164556962,Syn->Syn
