MCC,Accuracy,Recall,Precision,F1,Scenario
0.9253018549811023,0.9672131147540983,0.925,0.9736842105263158,0.9487179487179487,Real->Real
0.7671092748535868,0.8852459016393442,0.95,0.76,0.8444444444444444,Real->Syn
0.0,0.32786885245901637,1.0,0.32786885245901637,0.49382716049382713,Syn->Real
0.9440131838166578,0.9754098360655737,0.95,0.9743589743589743,0.9620253164556962,Syn->Syn
