MCC,Accuracy,Recall,Precision,F1,Scenario
0.8875975041769292,0.9508196721311475,0.9,0.9473684210526315,0.9230769230769231,Real->Real
0.0,0.32786885245901637,1.0,0.32786885245901637,0.49382716049382713,Real->Syn
0.4229743762316675,0.6311475409836066,0.95,0.4691358024691358,0.628099173553719,Syn->Real
0.9263582108902154,0.9672131147540983,0.9,1.0,0.9473684210526315,Syn->Syn
