MCC,Accuracy,Recall,Precision,F1,Scenario
0.9253018549811023,0.9672131147540983,0.925,0.9736842105263158,0.9487179487179487,Real->Real
0.6961021947836796,0.8524590163934426,0.9,0.72,0.8,Real->Syn
0.0,0.32786885245901637,1.0,0.32786885245901637,0.49382716049382713,Syn->Real
0.8875975041769292,0.9508196721311475,0.9,0.9473684210526315,0.9230769230769231,Syn->Syn
