MCC,Accuracy,Recall,Precision,F1,Scenario
0.8875975041769292,0.9508196721311475,0.9,0.9473684210526315,0.9230769230769231,Real->Real
0.0,0.32786885245901637,1.0,0.32786885245901637,0.49382716049382713,Real->Syn
0.776829268292683,0.9016393442622951,0.85,0.85,0.85,Syn->Real
0.9081369080035019,0.9590163934426229,0.875,1.0,0.9333333333333333,Syn->Syn
