MCC,Accuracy,Recall,Precision,F1,Scenario
0.8875975041769292,0.9508196721311475,0.9,0.9473684210526315,0.9230769230769231,Real->Real
0.9066593067577154,0.9590163934426229,0.9,0.972972972972973,0.935064935064935,Real->Syn
0.888073759085132,0.9508196721311475,0.875,0.9722222222222222,0.9210526315789473,Syn->Real
0.9446443463952297,0.9754098360655737,0.925,1.0,0.961038961038961,Syn->Syn
