k,jaccard,n_overlap
10,0.0,0
50,0.07526881720430108,7
100,0.14285714285714285,25
200,0.21951219512195122,72
500,0.33689839572192515,252
1000,0.4652014652014652,635
