k,jaccard,n_overlap
10,0.1111111111111111,2
50,0.07526881720430108,7
100,0.14942528735632185,26
200,0.21212121212121213,70
500,0.33511348464619495,251
1000,0.4684287812041116,638
