k,jaccard,n_overlap
10,0.25,4
50,0.3333333333333333,25
100,0.41843971631205673,59
200,0.44404332129963897,123
500,0.4662756598240469,318
1000,0.5037593984962406,670
