MCC,Accuracy,Recall,Precision,F1,Scenario
0.849281296908581,0.9333333333333333,0.8888888888888888,0.9090909090909091,0.898876404494382,Real->Real
0.5572782125753528,0.8074074074074075,0.4666666666666667,0.9130434782608695,0.6176470588235294,Real->Syn
0.6803892089000996,0.8444444444444444,0.8888888888888888,0.7142857142857143,0.7920792079207921,Syn->Real
0.8998212357779914,0.9555555555555556,0.8888888888888888,0.975609756097561,0.9302325581395349,Syn->Syn
