MCC,Accuracy,Recall,Precision,F1,Scenario
0.8319334382645825,0.9259259259259259,0.8666666666666667,0.9069767441860465,0.8863636363636364,Real->Real
0.5990740785185042,0.8222222222222222,0.4888888888888889,0.9565217391304348,0.6470588235294118,Real->Syn
0.37962830118264834,0.6296296296296297,0.8888888888888888,0.47058823529411764,0.6153846153846154,Syn->Real
0.8146130799625567,0.9185185185185185,0.8444444444444444,0.9047619047619048,0.8735632183908046,Syn->Syn
