MCC,Accuracy,Recall,Precision,F1,Scenario
0.8319334382645825,0.9259259259259259,0.8666666666666667,0.9069767441860465,0.8863636363636364,Real->Real
0.7377253439645217,0.8740740740740741,0.9111111111111111,0.7592592592592593,0.8282828282828283,Real->Syn
0.45069390943299864,0.6222222222222222,1.0,0.46875,0.6382978723404256,Syn->Real
0.849281296908581,0.9333333333333333,0.8888888888888888,0.9090909090909091,0.898876404494382,Syn->Syn
