MCC,Accuracy,Recall,Precision,F1,Scenario
0.928539107388364,0.967479674796748,0.9047619047619048,1.0,0.95,Real->Real
0.12039779553439595,0.3902439024390244,0.9761904761904762,0.3565217391304348,0.5222929936305732,Real->Syn
0.0,0.34146341463414637,1.0,0.34146341463414637,0.509090909090909,Syn->Real
0.8542736209153675,0.9349593495934959,0.8809523809523809,0.925,0.9024390243902439,Syn->Syn
