MCC,Accuracy,Recall,Precision,F1,Scenario
0.8542736209153675,0.9349593495934959,0.8809523809523809,0.925,0.9024390243902439,Real->Real
-0.045426621670944224,0.6178861788617886,0.07142857142857142,0.2727272727272727,0.11320754716981132,Real->Syn
0.44371768056272515,0.7560975609756098,0.30952380952380953,0.9285714285714286,0.4642857142857143,Syn->Real
0.9092412093166349,0.959349593495935,0.9285714285714286,0.9512195121951219,0.9397590361445783,Syn->Syn
