MCC,Accuracy,Recall,Precision,F1,Scenario
0.928539107388364,0.967479674796748,0.9047619047619048,1.0,0.95,Real->Real
0.0,0.6585365853658537,0.0,0.0,0.0,Real->Syn
-0.2373327993896827,0.3252032520325203,0.5952380952380952,0.27472527472527475,0.37593984962406013,Syn->Real
0.8728715609439696,0.943089430894309,0.9047619047619048,0.926829268292683,0.9156626506024096,Syn->Syn
