threshold,jaccard,n_real,n_fake,n_overlap
0.0001,0.4029508666380175,3265,6529,2813
0.001,0.4552834882807385,4014,7100,3477
0.01,0.5276549994026998,5057,7731,4417
0.05,0.6075552068153794,6102,8239,5420
0.1,0.6541648495420846,6654,8518,6000
0.2,0.7097219274039482,7302,8807,6687
0.5,0.8324580372773144,8498,9297,8084
1.0,1.0,9828,9828,9828
