k,jaccard,n_overlap
10,0.42857142857142855,6
50,0.4492753623188406,31
100,0.42857142857142855,60
200,0.43884892086330934,122
500,0.47058823529411764,320
1000,0.49812734082397003,665
