k,jaccard,n_overlap
10,0.0,0
50,0.02040816326530612,2
100,0.07526881720430108,14
200,0.10192837465564739,37
500,0.21359223300970873,176
1000,0.30633572828216854,469
