k,jaccard,n_overlap
10,0.0,0
50,0.1111111111111111,10
100,0.12994350282485875,23
200,0.17302052785923755,59
500,0.2360939431396786,191
1000,0.32100396301188905,486
