k,jaccard,n_overlap
10,0.3333333333333333,5
50,0.3888888888888889,28
100,0.4084507042253521,58
200,0.44404332129963897,123
500,0.4727540500736377,321
1000,0.4880952380952381,656
