k,jaccard,n_overlap
10,0.1111111111111111,2
50,0.08695652173913043,8
100,0.16279069767441862,28
200,0.1695906432748538,58
500,0.23001230012300122,187
1000,0.2746972594008923,431
