MCC,Accuracy,Recall,Precision,F1,Scenario
0.8777893648653444,0.9461538461538461,0.9069767441860465,0.9285714285714286,0.9176470588235294,Real->Real
0.7160245513868498,0.8769230769230769,0.7441860465116279,0.8648648648648649,0.8,Real->Syn
0.68218935575228,0.8307692307692308,0.9534883720930233,0.6721311475409836,0.7884615384615384,Syn->Real
0.7543209730088325,0.8923076923076924,0.813953488372093,0.8536585365853658,0.8333333333333334,Syn->Syn
