MCC,Accuracy,Recall,Precision,F1,Scenario
0.8446649533514926,0.9307692307692308,0.9069767441860465,0.8863636363636364,0.896551724137931,Real->Real
0.711205985273164,0.8692307692307693,0.6046511627906976,1.0,0.7536231884057971,Real->Syn
0.6309898162000304,0.7769230769230769,1.0,0.5972222222222222,0.7478260869565218,Syn->Real
0.877426541218233,0.9461538461538461,0.8837209302325582,0.95,0.9156626506024096,Syn->Syn
