MCC,Accuracy,Recall,Precision,F1,Scenario
0.8446649533514926,0.9307692307692308,0.9069767441860465,0.8863636363636364,0.896551724137931,Real->Real
0.0,0.33076923076923076,1.0,0.33076923076923076,0.49710982658959535,Real->Syn
0.6525815699310146,0.8461538461538461,0.5581395348837209,0.96,0.7058823529411765,Syn->Real
0.8777893648653444,0.9461538461538461,0.9069767441860465,0.9285714285714286,0.9176470588235294,Syn->Syn
