k,jaccard,n_overlap
10,0.0,0
50,0.0,0
100,0.0,0
200,0.002506265664160401,1
500,0.009081735620585268,9
1000,0.02880658436213992,56
