k,jaccard,n_overlap
10,0.17647058823529413,3
50,0.3698630136986301,27
100,0.3986013986013986,57
200,0.45454545454545453,125
500,0.4771048744460857,323
1000,0.49812734082397003,665
