k,jaccard,n_overlap
10,0.0,0
50,0.0,0
100,0.0,0
200,0.002506265664160401,1
500,0.021450459652706845,21
1000,0.045478306325143755,87
