MCC,Accuracy,Recall,Precision,F1,Scenario
0.8869766493014665,0.9477611940298507,0.9565217391304348,0.8979591836734694,0.9263157894736842,Real->Real
0.0,0.34328358208955223,1.0,0.34328358208955223,0.5111111111111111,Real->Syn
0.3059075548846011,0.5149253731343284,0.9782608695652174,0.41284403669724773,0.5806451612903226,Syn->Real
0.8834331475884118,0.9477611940298507,0.8913043478260869,0.9534883720930233,0.9213483146067416,Syn->Syn
