MCC,Accuracy,Recall,Precision,F1,Scenario
0.8869766493014665,0.9477611940298507,0.9565217391304348,0.8979591836734694,0.9263157894736842,Real->Real
-0.06269194721867968,0.6492537313432836,0.0,0.0,0.0,Real->Syn
0.5352363553571495,0.7985074626865671,0.5652173913043478,0.7878787878787878,0.6582278481012658,Syn->Real
0.8519218383470218,0.9328358208955224,0.9130434782608695,0.8936170212765957,0.9032258064516129,Syn->Syn
