MCC,Accuracy,Recall,Precision,F1,Scenario
0.8834331475884118,0.9477611940298507,0.8913043478260869,0.9534883720930233,0.9213483146067416,Real->Real
0.11993242076616983,0.664179104477612,0.021739130434782608,1.0,0.0425531914893617,Real->Syn
0.6213671111775162,0.8283582089552238,0.7608695652173914,0.7446808510638298,0.7526881720430108,Syn->Real
0.7421240899462836,0.8805970149253731,0.8695652173913043,0.8,0.8333333333333334,Syn->Syn
