MCC,Accuracy,Recall,Precision,F1,Scenario
0.8754190963374792,0.9433962264150944,0.8648648648648649,0.9696969696969697,0.9142857142857143,Real->Real
0.8181923181249439,0.9150943396226415,0.7567567567567568,1.0,0.8615384615384616,Real->Syn
0.6765912607669748,0.839622641509434,0.8918918918918919,0.717391304347826,0.7951807228915663,Syn->Real
0.9167170924734274,0.9622641509433962,0.918918918918919,0.9714285714285714,0.9444444444444444,Syn->Syn
