MCC,Accuracy,Recall,Precision,F1,Scenario
0.8549022404942124,0.9339622641509434,0.8378378378378378,0.96875,0.8985507246376812,Real->Real
0.8344503336044997,0.9245283018867925,0.8108108108108109,0.967741935483871,0.8823529411764706,Real->Syn
0.8230168312559699,0.9150943396226415,0.9459459459459459,0.8333333333333334,0.8860759493670886,Syn->Real
0.9167170924734274,0.9622641509433962,0.918918918918919,0.9714285714285714,0.9444444444444444,Syn->Syn
