MCC,Accuracy,Recall,Precision,F1,Scenario
0.8754190963374792,0.9433962264150944,0.8648648648648649,0.9696969696969697,0.9142857142857143,Real->Real
0.8539506520802229,0.9339622641509434,0.8918918918918919,0.9166666666666666,0.9041095890410958,Real->Syn
0.0,0.3490566037735849,1.0,0.3490566037735849,0.5174825174825175,Syn->Real
0.8549022404942124,0.9339622641509434,0.8378378378378378,0.96875,0.8985507246376812,Syn->Syn
