MCC,Accuracy,Recall,Precision,F1,Scenario
0.8820834133600322,0.9477611940298507,0.8888888888888888,0.9523809523809523,0.9195402298850575,Real->Real
0.45975368569045505,0.6716417910447762,0.9333333333333333,0.5060240963855421,0.65625,Real->Syn
0.08752644427483217,0.35074626865671643,1.0,0.3409090909090909,0.5084745762711864,Syn->Real
0.8820834133600322,0.9477611940298507,0.8888888888888888,0.9523809523809523,0.9195402298850575,Syn->Syn
