MCC,Accuracy,Recall,Precision,F1,Scenario
0.8820834133600322,0.9477611940298507,0.8888888888888888,0.9523809523809523,0.9195402298850575,Real->Real
0.7814311783131831,0.9029850746268657,0.8444444444444444,0.8636363636363636,0.8539325842696629,Real->Syn
0.4288356110446547,0.7164179104477612,0.7555555555555555,0.5573770491803278,0.6415094339622641,Syn->Real
0.83270911360799,0.9253731343283582,0.8888888888888888,0.8888888888888888,0.8888888888888888,Syn->Syn
