MCC,Accuracy,Recall,Precision,F1,Scenario
0.8820834133600322,0.9477611940298507,0.8888888888888888,0.9523809523809523,0.9195402298850575,Real->Real
0.5843937322132371,0.8208955223880597,0.6222222222222222,0.8,0.7,Real->Syn
0.5533722033444385,0.753731343283582,0.9111111111111111,0.5857142857142857,0.7130434782608696,Syn->Real
0.865188041228642,0.9402985074626866,0.8666666666666667,0.9512195121951219,0.9069767441860465,Syn->Syn
