MCC,Accuracy,Recall,Precision,F1,Scenario
0.928539107388364,0.967479674796748,0.9047619047619048,1.0,0.95,Real->Real
0.9108974801090971,0.959349593495935,0.8809523809523809,1.0,0.9367088607594937,Real->Syn
0.8607740388167443,0.9349593495934959,0.9523809523809523,0.8695652173913043,0.9090909090909091,Syn->Real
0.8915343915343915,0.9512195121951219,0.9285714285714286,0.9285714285714286,0.9285714285714286,Syn->Syn
