MCC,Accuracy,Recall,Precision,F1,Scenario
0.9274715696249393,0.967479674796748,0.9285714285714286,0.975,0.9512195121951219,Real->Real
0.8235162195690195,0.9186991869918699,0.7619047619047619,1.0,0.8648648648648649,Real->Syn
0.697224805044605,0.8455284552845529,0.9285714285714286,0.7090909090909091,0.8041237113402062,Syn->Real
0.8743192433480979,0.943089430894309,0.9285714285714286,0.9069767441860465,0.9176470588235294,Syn->Syn
