MCC,Accuracy,Recall,Precision,F1,Scenario
0.928539107388364,0.967479674796748,0.9047619047619048,1.0,0.95,Real->Real
0.16306653015674283,0.3902439024390244,1.0,0.358974358974359,0.5283018867924528,Real->Syn
0.781674448095936,0.9024390243902439,0.7619047619047619,0.9411764705882353,0.8421052631578947,Syn->Real
0.9274715696249393,0.967479674796748,0.9285714285714286,0.975,0.9512195121951219,Syn->Syn
