threshold,jaccard,n_real
0.0001,0.5946398659966499,3010
0.001,0.6090963734722501,3703
0.01,0.6175951196018623,4746
0.05,0.6487190026030963,5748
0.1,0.6664978475563433,6362
0.2,0.6970619220414375,7086
0.5,0.7803102247546692,8345
