k,jaccard,n_overlap
10,0.0,0
50,0.0,0
100,0.0,0
200,0.007556675062972292,3
500,0.04602510460251046,44
1000,0.08342361863488625,154
