k,jaccard,n_overlap
10,0.25,4
50,0.35135135135135137,26
100,0.3888888888888889,56
200,0.4492753623188406,124
500,0.4727540500736377,321
1000,0.4992503748125937,666
