k,jaccard,n_overlap
10,0.0,0
50,0.0,0
100,0.015228426395939087,3
200,0.03626943005181347,14
500,0.08225108225108226,76
1000,0.11234705228031146,202
