k,jaccard,n_overlap
10,0.05263157894736842,1
50,0.1111111111111111,10
100,0.10497237569060773,19
200,0.19402985074626866,65
500,0.33511348464619495,251
1000,0.47058823529411764,640
