k,jaccard,n_overlap
10,0.1111111111111111,2
50,0.05263157894736842,5
100,0.10497237569060773,19
200,0.17302052785923755,59
500,0.26582278481012656,210
1000,0.4367816091954023,608
