k,jaccard,n_overlap
10,0.17647058823529413,3
50,0.3333333333333333,25
100,0.3888888888888889,56
200,0.4652014652014652,127
500,0.4836795252225519,326
1000,0.4936519790888723,661
