MCC,Accuracy,Recall,Precision,F1,Scenario
0.8699212582178499,0.9421487603305785,0.8780487804878049,0.9473684210526315,0.9113924050632911,Real->Real
0.6198152373109526,0.8347107438016529,0.6341463414634146,0.8387096774193549,0.7222222222222222,Real->Syn
0.0,0.33884297520661155,1.0,0.33884297520661155,0.5061728395061729,Syn->Real
0.781779117838991,0.9008264462809917,0.8780487804878049,0.8372093023255814,0.8571428571428571,Syn->Syn
