MCC,Accuracy,Recall,Precision,F1,Scenario
0.781779117838991,0.9008264462809917,0.8780487804878049,0.8372093023255814,0.8571428571428571,Real->Real
0.8326781259705285,0.9256198347107438,0.8292682926829268,0.9444444444444444,0.8831168831168831,Real->Syn
0.926219512195122,0.9669421487603306,0.9512195121951219,0.9512195121951219,0.9512195121951219,Syn->Real
0.9073790392483224,0.9586776859504132,0.926829268292683,0.95,0.9382716049382716,Syn->Syn
