MCC,Accuracy,Recall,Precision,F1,Scenario
0.8699212582178499,0.9421487603305785,0.8780487804878049,0.9473684210526315,0.9113924050632911,Real->Real
0.8732385450093507,0.9421487603305785,0.8292682926829268,1.0,0.9066666666666666,Real->Syn
0.8114684139792919,0.9090909090909091,0.9512195121951219,0.8125,0.8764044943820225,Syn->Real
0.8886170422154855,0.9504132231404959,0.9024390243902439,0.9487179487179487,0.925,Syn->Syn
