k,jaccard,n_overlap
10,0.0,0
50,0.0,0
100,0.0,0
200,0.002506265664160401,1
500,0.0395010395010395,38
1000,0.07009095773140717,131
