k,jaccard,n_overlap
10,0.0,0
50,0.0,0
100,0.010101010101010102,2
200,0.010101010101010102,4
500,0.026694045174537988,26
1000,0.0395010395010395,76
