k,jaccard,n_overlap
10,0.3333333333333333,5
50,0.3698630136986301,27
100,0.41843971631205673,59
200,0.45454545454545453,125
500,0.4771048744460857,323
1000,0.5015015015015015,668
