k,jaccard,n_overlap
10,0.0,0
50,0.0,0
100,0.02040816326530612,4
200,0.044386422976501305,17
500,0.09170305676855896,84
1000,0.1415525114155251,248
