k,jaccard,n_overlap
10,0.0,0
50,0.010101010101010102,1
100,0.010101010101010102,2
200,0.03626943005181347,14
500,0.07526881720430108,70
1000,0.1357183418512209,239
