k,jaccard,n_overlap
10,0.42857142857142855,6
50,0.42857142857142855,30
100,0.4084507042253521,58
200,0.4492753623188406,124
500,0.4749262536873156,322
1000,0.5026296018031555,669
