k,jaccard,n_overlap
10,0.05263157894736842,1
50,0.20481927710843373,17
100,0.2422360248447205,39
200,0.27388535031847133,86
500,0.366120218579235,268
1000,0.44613159797541574,617
