k,jaccard,n_overlap
10,0.42857142857142855,6
50,0.3333333333333333,25
100,0.3986013986013986,57
200,0.4492753623188406,124
500,0.4903129657228018,329
1000,0.5003750937734434,667
