k,jaccard,n_overlap
10,0.1111111111111111,2
50,0.0989010989010989,9
100,0.12994350282485875,23
200,0.2345679012345679,76
500,0.366120218579235,268
1000,0.4577259475218659,628
