MCC,Accuracy,Recall,Precision,F1,Scenario
0.8978861920843084,0.9548872180451128,0.8863636363636364,0.975,0.9285714285714286,Real->Real
0.0,0.3308270676691729,1.0,0.3308270676691729,0.4971751412429379,Real->Syn
0.0,0.3308270676691729,1.0,0.3308270676691729,0.4971751412429379,Syn->Real
0.792969277108819,0.9022556390977443,0.9318181818181818,0.803921568627451,0.8631578947368421,Syn->Syn
