MCC,Accuracy,Recall,Precision,F1,Scenario
0.8978861920843084,0.9548872180451128,0.8863636363636364,0.975,0.9285714285714286,Real->Real
0.33878698198550605,0.556390977443609,0.9545454545454546,0.42424242424242425,0.5874125874125874,Real->Syn
0.0,0.3308270676691729,1.0,0.3308270676691729,0.4971751412429379,Syn->Real
0.932073544433095,0.9699248120300752,0.9545454545454546,0.9545454545454546,0.9545454545454546,Syn->Syn
