MCC,Accuracy,Recall,Precision,F1,Scenario
0.932073544433095,0.9699248120300752,0.9545454545454546,0.9545454545454546,0.9545454545454546,Real->Real
0.0,0.3308270676691729,1.0,0.3308270676691729,0.4971751412429379,Real->Syn
0.0,0.3308270676691729,1.0,0.3308270676691729,0.4971751412429379,Syn->Real
0.86414708886619,0.9398496240601504,0.9090909090909091,0.9090909090909091,0.9090909090909091,Syn->Syn
