k,jaccard,n_overlap
10,0.0,0
50,0.010101010101010102,1
100,0.041666666666666664,8
200,0.09289617486338798,34
500,0.19617224880382775,164
1000,0.287001287001287,446
