k,jaccard,n_overlap
10,0.0,0
50,0.0,0
100,0.015228426395939087,3
200,0.055408970976253295,21
500,0.145475372279496,127
1000,0.257071024512885,409
