k,jaccard,n_overlap
10,0.42857142857142855,6
50,0.4925373134328358,33
100,0.45985401459854014,63
200,0.47601476014760147,129
500,0.4727540500736377,321
1000,0.5094339622641509,675
