threshold,jaccard,n_real,n_fake,n_overlap
0.0001,0.3846929950994523,3297,6310,2669
0.001,0.43342516069788795,4008,6919,3304
0.01,0.5061919504643962,5078,7571,4251
0.05,0.5914375139727253,6113,8124,5291
0.1,0.6409392325252745,6677,8418,5896
0.2,0.7027768978988491,7366,8761,6656
0.5,0.8320304464102036,8535,9276,8089
1.0,1.0,9828,9828,9828
