k,jaccard,n_overlap
10,0.3333333333333333,5
50,0.4084507042253521,29
100,0.43884892086330934,61
200,0.4652014652014652,127
500,0.4684287812041116,319
1000,0.4992503748125937,666
