k,jaccard,n_overlap
10,0.1111111111111111,2
50,0.08695652173913043,8
100,0.06951871657754011,13
200,0.10803324099722991,39
500,0.17370892018779344,148
1000,0.2430080795525171,391
