k,jaccard,n_overlap
10,0.0,0
50,0.030927835051546393,3
100,0.0582010582010582,11
200,0.10497237569060773,38
500,0.1792452830188679,152
1000,0.23992560446373218,387
