MCC,Accuracy,Recall,Precision,F1,Scenario
0.9282845668387837,0.968,0.9523809523809523,0.9523809523809523,0.9523809523809523,Real->Real
0.7327557902002813,0.88,0.8333333333333334,0.813953488372093,0.8235294117647058,Real->Syn
0.0,0.336,1.0,0.336,0.5029940119760479,Syn->Real
0.9099734222024106,0.96,0.9285714285714286,0.9512195121951219,0.9397590361445783,Syn->Syn
