MCC,Accuracy,Recall,Precision,F1,Scenario
0.9099734222024106,0.96,0.9285714285714286,0.9512195121951219,0.9397590361445783,Real->Real
-0.17229753664917194,0.48,0.21428571428571427,0.21951219512195122,0.21686746987951808,Real->Syn
-0.2502925779626665,0.32,0.5714285714285714,0.26373626373626374,0.3609022556390977,Syn->Real
0.8191170358604272,0.92,0.8571428571428571,0.9,0.8780487804878049,Syn->Syn
