MCC,Accuracy,Recall,Precision,F1,Scenario
0.9282845668387837,0.968,0.9523809523809523,0.9523809523809523,0.9523809523809523,Real->Real
0.082330187831099,0.648,0.16666666666666666,0.4375,0.2413793103448276,Real->Syn
0.002536927356449929,0.392,0.8333333333333334,0.33653846153846156,0.4794520547945205,Syn->Real
0.9099734222024106,0.96,0.9285714285714286,0.9512195121951219,0.9397590361445783,Syn->Syn
