MCC,Accuracy,Recall,Precision,F1,Scenario
0.8971777430126168,0.9541984732824428,0.8863636363636364,0.975,0.9285714285714286,Real->Real
0.7974084346214474,0.9083969465648855,0.8863636363636364,0.8478260869565217,0.8666666666666667,Real->Syn
0.7974084346214474,0.9083969465648855,0.8863636363636364,0.8478260869565217,0.8666666666666667,Syn->Real
0.8631138975966562,0.9389312977099237,0.9090909090909091,0.9090909090909091,0.9090909090909091,Syn->Syn
