MCC,Accuracy,Recall,Precision,F1,Scenario
0.9322718858417158,0.9694656488549618,0.9090909090909091,1.0,0.9523809523809523,Real->Real
0.7787437792979216,0.9007633587786259,0.7272727272727273,0.9696969696969697,0.8311688311688312,Real->Syn
0.6114068862079085,0.8015267175572519,0.8863636363636364,0.65,0.75,Syn->Real
0.8971777430126168,0.9541984732824428,0.8863636363636364,0.975,0.9285714285714286,Syn->Syn
