Algorithm,Library,Spearman_Rho,P_Value
COMBAT,KEGG_2021_Human,0.8507333424246145,0.009900990099009901
