Algorithm,Library,Spearman_Rho,P_Value
QN,KEGG_2021_Human,0.9771027794457682,0.009900990099009901
