Algorithm,Library,Spearman_Rho,P_Value
TDM,KEGG_2021_Human,0.8508783759857572,0.009900990099009901
