MCC,Accuracy,Recall,Precision,F1,Scenario
0.8697162170732461,0.9416666666666667,0.9024390243902439,0.925,0.9135802469135802,Real->Real
0.8155558645427033,0.9166666666666666,0.7804878048780488,0.9696969696969697,0.8648648648648649,Real->Syn
0.8126494091963081,0.9166666666666666,0.8292682926829268,0.918918918918919,0.8717948717948718,Syn->Real
0.8147576412472985,0.9166666666666666,0.8780487804878049,0.8780487804878049,0.8780487804878049,Syn->Syn
