MCC,Accuracy,Recall,Precision,F1,Scenario
0.8881594616932851,0.95,0.9024390243902439,0.9487179487179487,0.925,Real->Real
0.7948081185507768,0.9083333333333333,0.7804878048780488,0.9411764705882353,0.8533333333333334,Real->Syn
0.8167576250805914,0.9083333333333333,0.975609756097561,0.8,0.8791208791208791,Syn->Real
0.927384274871122,0.9666666666666667,0.975609756097561,0.9302325581395349,0.9523809523809523,Syn->Syn
