MCC,Accuracy,Recall,Precision,F1,Scenario
0.8697162170732461,0.9416666666666667,0.9024390243902439,0.925,0.9135802469135802,Real->Real
0.27228853964974936,0.4666666666666667,1.0,0.3904761904761905,0.5616438356164384,Real->Syn
0.730036147280581,0.875,0.6341463414634146,1.0,0.7761194029850746,Syn->Real
0.8703836731154991,0.9416666666666667,0.8536585365853658,0.9722222222222222,0.9090909090909091,Syn->Syn
