MCC,Accuracy,Recall,Precision,F1,Scenario
0.8697162170732461,0.9416666666666667,0.9024390243902439,0.925,0.9135802469135802,Real->Real
0.0,0.3416666666666667,1.0,0.3416666666666667,0.5093167701863354,Real->Syn
0.7015207013422282,0.8666666666666667,0.6585365853658537,0.9310344827586207,0.7714285714285715,Syn->Real
0.8506448065003269,0.9333333333333333,0.8780487804878049,0.9230769230769231,0.9,Syn->Syn
