MCC,Accuracy,Recall,Precision,F1,Scenario
0.8881594616932851,0.95,0.9024390243902439,0.9487179487179487,0.925,Real->Real
0.6622228545863058,0.8166666666666667,0.9512195121951219,0.6610169491525424,0.78,Real->Syn
0.0,0.3416666666666667,1.0,0.3416666666666667,0.5093167701863354,Syn->Real
0.8697162170732461,0.9416666666666667,0.9024390243902439,0.925,0.9135802469135802,Syn->Syn
