MCC,Accuracy,Recall,Precision,F1,Scenario
0.8697162170732461,0.9416666666666667,0.9024390243902439,0.925,0.9135802469135802,Real->Real
0.15021540211833082,0.38333333333333336,1.0,0.3565217391304348,0.5256410256410257,Real->Syn
0.44368600109621137,0.6166666666666667,1.0,0.47126436781609193,0.640625,Syn->Real
0.8881594616932851,0.95,0.9024390243902439,0.9487179487179487,0.925,Syn->Syn
