MCC,Accuracy,Recall,Precision,F1,Scenario
0.8881594616932851,0.95,0.9024390243902439,0.9487179487179487,0.925,Real->Real
0.8518061129978388,0.9333333333333333,0.9024390243902439,0.9024390243902439,0.9024390243902439,Real->Syn
0.8131301513073688,0.9166666666666666,0.8536585365853658,0.8974358974358975,0.875,Syn->Real
0.8697162170732461,0.9416666666666667,0.9024390243902439,0.925,0.9135802469135802,Syn->Syn
