MCC,Accuracy,Recall,Precision,F1,Scenario
0.8697162170732461,0.9416666666666667,0.9024390243902439,0.925,0.9135802469135802,Real->Real
0.7936978869379221,0.9083333333333333,0.8048780487804879,0.9166666666666666,0.8571428571428571,Real->Syn
0.8881594616932851,0.95,0.9024390243902439,0.9487179487179487,0.925,Syn->Real
0.8887461154807849,0.95,0.8780487804878049,0.972972972972973,0.9230769230769231,Syn->Syn
