MCC,Accuracy,Recall,Precision,F1,Scenario
0.8881594616932851,0.95,0.9024390243902439,0.9487179487179487,0.925,Real->Real
0.22885556439193902,0.43333333333333335,1.0,0.3761467889908257,0.5466666666666666,Real->Syn
0.4236203295987791,0.6166666666666667,0.975609756097561,0.47058823529411764,0.6349206349206349,Syn->Real
0.8697162170732461,0.9416666666666667,0.9024390243902439,0.925,0.9135802469135802,Syn->Syn
