k,jaccard,n_overlap
10,0.05263157894736842,1
50,0.02040816326530612,2
100,0.02040816326530612,4
200,0.04712041884816754,18
500,0.13250283125707815,117
1000,0.22249388753056235,364
