k,jaccard,n_overlap
10,0.42857142857142855,6
50,0.4084507042253521,29
100,0.43884892086330934,61
200,0.4492753623188406,124
500,0.48588410104011887,327
1000,0.5037593984962406,670
