k,jaccard,n_overlap
10,0.0,0
50,0.12359550561797752,11
100,0.14285714285714285,25
200,0.19047619047619047,64
500,0.2315270935960591,188
1000,0.2547051442910916,406
