k,jaccard,n_overlap
10,0.0,0
50,0.010101010101010102,1
100,0.010101010101010102,2
200,0.028277634961439587,11
500,0.05042016806722689,48
1000,0.0672358591248666,126
