k,jaccard,n_overlap
10,0.42857142857142855,6
50,0.4084507042253521,29
100,0.47058823529411764,64
200,0.48148148148148145,130
500,0.47928994082840237,324
1000,0.5037593984962406,670
