k,jaccard,n_overlap
10,0.0,0
50,0.0,0
100,0.015228426395939087,3
200,0.023017902813299233,9
500,0.05708245243128964,54
1000,0.07238605898123325,135
