MCC,Accuracy,Recall,Precision,F1,Scenario
0.915528098752159,0.9618320610687023,0.8863636363636364,1.0,0.9397590361445783,Real->Real
0.41897045804446176,0.6106870229007634,0.9772727272727273,0.46236559139784944,0.6277372262773723,Real->Syn
0.0,0.33587786259541985,1.0,0.33587786259541985,0.5028571428571429,Syn->Real
0.8973354231974922,0.9541984732824428,0.9318181818181818,0.9318181818181818,0.9318181818181818,Syn->Syn
