MCC,Accuracy,Recall,Precision,F1,Scenario
0.915528098752159,0.9618320610687023,0.8863636363636364,1.0,0.9397590361445783,Real->Real
0.7497771504927778,0.8854961832061069,0.6590909090909091,1.0,0.7945205479452054,Real->Syn
0.695302024780374,0.8320610687022901,0.9772727272727273,0.671875,0.7962962962962963,Syn->Real
0.8631138975966562,0.9389312977099237,0.9090909090909091,0.9090909090909091,0.9090909090909091,Syn->Syn
