MCC,Accuracy,Recall,Precision,F1,Scenario
0.8973354231974922,0.9541984732824428,0.9318181818181818,0.9318181818181818,0.9318181818181818,Real->Real
0.8656109383843977,0.9389312977099237,0.8181818181818182,1.0,0.9,Real->Syn
0.8104844566176963,0.9083969465648855,0.9545454545454546,0.8076923076923077,0.875,Syn->Real
0.9485182109590816,0.9770992366412213,0.9545454545454546,0.9767441860465116,0.9655172413793104,Syn->Syn
