MCC,Accuracy,Recall,Precision,F1,Scenario
0.8411708622227975,0.9296875,0.8372093023255814,0.9473684210526315,0.8888888888888888,Real->Real
0.7439679913094536,0.8828125,0.6511627906976745,1.0,0.7887323943661971,Real->Syn
0.8416275040445694,0.9296875,0.8837209302325582,0.9047619047619048,0.8941176470588236,Syn->Real
0.8051599542459889,0.9140625,0.8372093023255814,0.9,0.8674698795180723,Syn->Syn
