MCC,Accuracy,Recall,Precision,F1,Scenario
0.7882972662871319,0.90625,0.7674418604651163,0.9428571428571428,0.8461538461538461,Real->Real
0.7214370224037663,0.875,0.6511627906976745,0.9655172413793104,0.7777777777777778,Real->Syn
0.7621522404515181,0.890625,0.8837209302325582,0.8085106382978723,0.8444444444444444,Syn->Real
0.8233787679768124,0.921875,0.8604651162790697,0.9024390243902439,0.8809523809523809,Syn->Syn
