MCC,Accuracy,Recall,Precision,F1,Scenario
0.7882972662871319,0.90625,0.7674418604651163,0.9428571428571428,0.8461538461538461,Real->Real
0.1710728536166123,0.390625,1.0,0.35537190082644626,0.524390243902439,Real->Syn
0.06311359293931895,0.34375,1.0,0.33858267716535434,0.5058823529411764,Syn->Real
0.8411708622227975,0.9296875,0.8372093023255814,0.9473684210526315,0.8888888888888888,Syn->Syn
