k,jaccard,n_overlap
10,0.3333333333333333,5
50,0.4492753623188406,31
100,0.43884892086330934,61
200,0.45454545454545453,125
500,0.46412884333821375,317
1000,0.49812734082397003,665
