k,jaccard,n_overlap
10,0.0,0
50,0.0,0
100,0.02564102564102564,5
200,0.049868766404199474,19
500,0.06269925611052073,59
1000,0.1001100110011001,182
