k,jaccard,n_overlap
10,0.0,0
50,0.010101010101010102,1
100,0.005025125628140704,1
200,0.02040816326530612,8
500,0.0582010582010582,55
1000,0.10071546505228399,183
