k,jaccard,n_overlap
10,0.3333333333333333,5
50,0.4084507042253521,29
100,0.41843971631205673,59
200,0.48698884758364314,131
500,0.48148148148148145,325
1000,0.5026296018031555,669
