k,jaccard,n_overlap
10,0.0,0
50,0.0,0
100,0.010101010101010102,2
200,0.017811704834605598,7
500,0.03626943005181347,35
1000,0.0672358591248666,126
