MCC,Accuracy,Recall,Precision,F1,Scenario
0.9210086895093569,0.963963963963964,0.8947368421052632,1.0,0.9444444444444444,Real->Real
0.0,0.34234234234234234,1.0,0.34234234234234234,0.5100671140939598,Real->Syn
0.6652865209043212,0.8198198198198198,0.9473684210526315,0.6666666666666666,0.782608695652174,Syn->Real
0.9210086895093569,0.963963963963964,0.8947368421052632,1.0,0.9444444444444444,Syn->Syn
