MCC,Accuracy,Recall,Precision,F1,Scenario
0.9210086895093569,0.963963963963964,0.8947368421052632,1.0,0.9444444444444444,Real->Real
0.9015281673010815,0.954954954954955,0.868421052631579,1.0,0.9295774647887324,Real->Syn
0.9015281673010815,0.954954954954955,0.868421052631579,1.0,0.9295774647887324,Syn->Real
0.9210086895093569,0.963963963963964,0.8947368421052632,1.0,0.9444444444444444,Syn->Syn
