k,jaccard,n_overlap
10,0.0,0
50,0.0,0
100,0.02040816326530612,4
200,0.02564102564102564,10
500,0.08342361863488625,77
1000,0.14613180515759314,255
