k,jaccard,n_overlap
10,0.25,4
50,0.42857142857142855,30
100,0.4492753623188406,62
200,0.4336917562724014,121
500,0.4771048744460857,323
1000,0.49588631264023936,663
