k,jaccard,n_overlap
10,0.0,0
50,0.05263157894736842,5
100,0.09289617486338798,17
200,0.12044817927170869,43
500,0.21212121212121213,175
1000,0.28205128205128205,440
