MCC,Accuracy,Recall,Precision,F1,Scenario
0.8680686433361001,0.9389312977099237,0.9545454545454546,0.875,0.9130434782608695,Real->Real
0.06237277058983484,0.3435114503816794,1.0,0.3384615384615385,0.5057471264367817,Real->Syn
0.5770062671019002,0.7633587786259542,0.9318181818181818,0.5942028985507246,0.7256637168141593,Syn->Real
0.9150564878635322,0.9618320610687023,0.9545454545454546,0.9333333333333333,0.9438202247191011,Syn->Syn
