MCC,Accuracy,Recall,Precision,F1,Scenario
0.9150564878635322,0.9618320610687023,0.9545454545454546,0.9333333333333333,0.9438202247191011,Real->Real
0.7919928256220098,0.9083969465648855,0.7954545454545454,0.9210526315789473,0.8536585365853658,Real->Syn
0.7206383852593213,0.8549618320610687,0.9545454545454546,0.711864406779661,0.8155339805825242,Syn->Real
0.838616866418887,0.9236641221374046,0.9545454545454546,0.84,0.8936170212765957,Syn->Syn
