MCC,Accuracy,Recall,Precision,F1,Scenario
0.8680686433361001,0.9389312977099237,0.9545454545454546,0.875,0.9130434782608695,Real->Real
0.7415118686818531,0.8854961832061069,0.7045454545454546,0.9393939393939394,0.8051948051948052,Real->Syn
0.7776976191886065,0.8854961832061069,0.9772727272727273,0.7543859649122807,0.8514851485148515,Syn->Real
0.7974084346214474,0.9083969465648855,0.8863636363636364,0.8478260869565217,0.8666666666666667,Syn->Syn
