k,jaccard,n_overlap
10,0.0,0
50,0.06382978723404255,6
100,0.08695652173913043,16
200,0.12044817927170869,43
500,0.2422360248447205,195
1000,0.31752305665349145,482
