k,jaccard,n_overlap
10,0.05263157894736842,1
50,0.08695652173913043,8
100,0.12994350282485875,23
200,0.15942028985507245,55
500,0.2484394506866417,199
1000,0.2987012987012987,460
