k,jaccard,n_overlap
10,0.3333333333333333,5
50,0.4084507042253521,29
100,0.41843971631205673,59
200,0.45454545454545453,125
500,0.4836795252225519,326
1000,0.5094339622641509,675
