k,jaccard,n_overlap
10,0.25,4
50,0.35135135135135137,26
100,0.4084507042253521,58
200,0.4492753623188406,124
500,0.4513788098693759,311
1000,0.4992503748125937,666
