k,jaccard,n_overlap
10,0.0,0
50,0.05263157894736842,5
100,0.17647058823529413,30
200,0.2345679012345679,76
500,0.34408602150537637,256
1000,0.4144271570014144,586
