k,jaccard,n_overlap
10,0.0,0
50,0.02040816326530612,2
100,0.04712041884816754,9
200,0.0958904109589041,35
500,0.21359223300970873,176
1000,0.3431833445265279,511
