MCC,Accuracy,Recall,Precision,F1,Scenario
0.8795707195860288,0.9453125,0.9318181818181818,0.9111111111111111,0.9213483146067416,Real->Real
0.7041328404159032,0.8671875,0.7954545454545454,0.813953488372093,0.8045977011494253,Real->Syn
0.0,0.34375,1.0,0.34375,0.5116279069767442,Syn->Real
0.8795707195860288,0.9453125,0.9318181818181818,0.9111111111111111,0.9213483146067416,Syn->Syn
