MCC,Accuracy,Recall,Precision,F1,Scenario
0.8795707195860288,0.9453125,0.9318181818181818,0.9111111111111111,0.9213483146067416,Real->Real
0.7644707871564383,0.890625,0.6818181818181818,1.0,0.8108108108108109,Real->Syn
0.7620568216673946,0.875,0.9772727272727273,0.7413793103448276,0.8431372549019608,Syn->Real
0.8961038961038961,0.953125,0.9318181818181818,0.9318181818181818,0.9318181818181818,Syn->Syn
