MCC,Accuracy,Recall,Precision,F1,Scenario
0.8795707195860288,0.9453125,0.9318181818181818,0.9111111111111111,0.9213483146067416,Real->Real
0.8258040661298334,0.921875,0.8181818181818182,0.9473684210526315,0.8780487804878049,Real->Syn
0.8028172173760877,0.90625,0.9318181818181818,0.82,0.8723404255319149,Syn->Real
0.8556992831368457,0.9296875,0.9772727272727273,0.8431372549019608,0.9052631578947369,Syn->Syn
