MCC,Accuracy,Recall,Precision,F1,Scenario
0.9088440307113181,0.96,0.926829268292683,0.95,0.9382716049382716,Real->Real
0.0,0.328,1.0,0.328,0.4939759036144578,Real->Syn
0.730468230074279,0.872,0.9024390243902439,0.7551020408163265,0.8222222222222222,Syn->Real
0.8718859361444894,0.944,0.8780487804878049,0.9473684210526315,0.9113924050632911,Syn->Syn
