MCC,Accuracy,Recall,Precision,F1,Scenario
0.9088440307113181,0.96,0.926829268292683,0.95,0.9382716049382716,Real->Real
0.0,0.328,1.0,0.328,0.4939759036144578,Real->Syn
0.798330433113116,0.912,0.7804878048780488,0.9411764705882353,0.8533333333333334,Syn->Real
0.8718859361444894,0.944,0.8780487804878049,0.9473684210526315,0.9113924050632911,Syn->Syn
