MCC,Accuracy,Recall,Precision,F1,Scenario
0.9088440307113181,0.96,0.926829268292683,0.95,0.9382716049382716,Real->Real
0.0,0.328,1.0,0.328,0.4939759036144578,Real->Syn
0.7881701093115122,0.888,1.0,0.7454545454545455,0.8541666666666666,Syn->Real
0.8723149297984838,0.944,0.9024390243902439,0.925,0.9135802469135802,Syn->Syn
