MCC,Accuracy,Recall,Precision,F1,Scenario
0.8718859361444894,0.944,0.8780487804878049,0.9473684210526315,0.9113924050632911,Real->Real
0.7414859906594037,0.888,0.7804878048780488,0.8648648648648649,0.8205128205128205,Real->Syn
0.0,0.328,1.0,0.328,0.4939759036144578,Syn->Real
0.9088440307113181,0.96,0.926829268292683,0.95,0.9382716049382716,Syn->Syn
