MCC,Accuracy,Recall,Precision,F1,Scenario
0.8718859361444894,0.944,0.8780487804878049,0.9473684210526315,0.9113924050632911,Real->Real
0.7513054840167139,0.888,0.6585365853658537,1.0,0.7941176470588235,Real->Syn
0.0,0.328,1.0,0.328,0.4939759036144578,Syn->Real
0.8534703831270946,0.936,0.8536585365853658,0.9459459459459459,0.8974358974358975,Syn->Syn
