MCC,Accuracy,Recall,Precision,F1,Scenario
0.8718859361444894,0.944,0.8780487804878049,0.9473684210526315,0.9113924050632911,Real->Real
0.8723149297984838,0.944,0.9024390243902439,0.925,0.9135802469135802,Real->Syn
0.8546564034634749,0.936,0.8292682926829268,0.9714285714285714,0.8947368421052632,Syn->Real
0.8911149825783972,0.952,0.926829268292683,0.926829268292683,0.926829268292683,Syn->Syn
