MCC,Accuracy,Recall,Precision,F1,Scenario
0.8718859361444894,0.944,0.8780487804878049,0.9473684210526315,0.9113924050632911,Real->Real
0.8727108799022932,0.944,0.8536585365853658,0.9722222222222222,0.9090909090909091,Real->Syn
0.8051979621616243,0.912,0.9024390243902439,0.8409090909090909,0.8705882352941177,Syn->Real
0.9637049941927991,0.984,0.975609756097561,0.975609756097561,0.975609756097561,Syn->Syn
