MCC,Accuracy,Recall,Precision,F1,Scenario
0.9088440307113181,0.96,0.926829268292683,0.95,0.9382716049382716,Real->Real
0.0,0.328,1.0,0.328,0.4939759036144578,Real->Syn
0.6894894180720825,0.848,0.9024390243902439,0.7115384615384616,0.7956989247311828,Syn->Real
0.8907985139496581,0.952,0.8780487804878049,0.972972972972973,0.9230769230769231,Syn->Syn
