MCC,Accuracy,Recall,Precision,F1,Scenario
0.8718859361444894,0.944,0.8780487804878049,0.9473684210526315,0.9113924050632911,Real->Real
-0.0031642400975731774,0.352,0.926829268292683,0.3275862068965517,0.4840764331210191,Real->Syn
0.0,0.328,1.0,0.328,0.4939759036144578,Syn->Real
0.8903398727873043,0.952,0.9024390243902439,0.9487179487179487,0.925,Syn->Syn
