MCC,Accuracy,Recall,Precision,F1,Scenario
0.9088440307113181,0.96,0.926829268292683,0.95,0.9382716049382716,Real->Real
0.8167823816449296,0.92,0.8536585365853658,0.8974358974358975,0.875,Real->Syn
0.8718859361444894,0.944,0.8780487804878049,0.9473684210526315,0.9113924050632911,Syn->Real
0.9271186183584917,0.968,0.926829268292683,0.9743589743589743,0.95,Syn->Syn
