MCC,Accuracy,Recall,Precision,F1,Scenario
0.9088440307113181,0.96,0.926829268292683,0.95,0.9382716049382716,Real->Real
0.8348411563966779,0.928,0.8536585365853658,0.9210526315789473,0.8860759493670886,Real->Syn
0.8605176979461336,0.936,0.9512195121951219,0.8666666666666667,0.9069767441860465,Syn->Real
0.9122342031437615,0.96,0.975609756097561,0.9090909090909091,0.9411764705882353,Syn->Syn
