MCC,Accuracy,Recall,Precision,F1,Scenario
0.8565691336775674,0.936,0.9047619047619048,0.9047619047619048,0.9047619047619048,Real->Real
0.0,0.336,1.0,0.336,0.5029940119760479,Real->Syn
0.7329368353864364,0.872,0.9047619047619048,0.76,0.8260869565217391,Syn->Real
0.8917337943586919,0.952,0.9047619047619048,0.95,0.926829268292683,Syn->Syn
