MCC,Accuracy,Recall,Precision,F1,Scenario
0.8917337943586919,0.952,0.9047619047619048,0.95,0.926829268292683,Real->Real
0.8212154291548803,0.92,0.7857142857142857,0.9705882352941176,0.868421052631579,Real->Syn
0.7917441003000008,0.904,0.9047619047619048,0.8260869565217391,0.8636363636363636,Syn->Real
0.8565691336775674,0.936,0.9047619047619048,0.9047619047619048,0.9047619047619048,Syn->Syn
