MCC,Accuracy,Recall,Precision,F1,Scenario
0.8565691336775674,0.936,0.9047619047619048,0.9047619047619048,0.9047619047619048,Real->Real
0.8917337943586919,0.952,0.9047619047619048,0.95,0.926829268292683,Real->Syn
0.8426154028703318,0.928,0.9285714285714286,0.8666666666666667,0.896551724137931,Syn->Real
0.8233128030621207,0.92,0.9047619047619048,0.8636363636363636,0.8837209302325582,Syn->Syn
