MCC,Accuracy,Recall,Precision,F1,Scenario
0.8656508091028778,0.9407407407407408,0.8666666666666667,0.9512195121951219,0.9069767441860465,Real->Real
0.3204349722308279,0.5037037037037037,1.0,0.4017857142857143,0.5732484076433121,Real->Syn
0.4183300132670378,0.5925925925925926,1.0,0.45,0.6206896551724138,Syn->Real
0.9163298203487321,0.9629629629629629,0.9333333333333333,0.9545454545454546,0.9438202247191011,Syn->Syn
