MCC,Accuracy,Recall,Precision,F1,Scenario
0.9163298203487321,0.9629629629629629,0.9333333333333333,0.9545454545454546,0.9438202247191011,Real->Real
0.7513135746002735,0.8888888888888888,0.6888888888888889,0.96875,0.8051948051948052,Real->Syn
0.5452752542346465,0.7185185185185186,0.9777777777777777,0.5432098765432098,0.6984126984126984,Syn->Real
0.8998212357779914,0.9555555555555556,0.8888888888888888,0.975609756097561,0.9302325581395349,Syn->Syn
