MCC,Accuracy,Recall,Precision,F1,Scenario
0.8656508091028778,0.9407407407407408,0.8666666666666667,0.9512195121951219,0.9069767441860465,Real->Real
0.5711544104889941,0.8148148148148148,0.5111111111111111,0.8846153846153846,0.647887323943662,Real->Syn
0.23684324034452495,0.4740740740740741,0.9555555555555556,0.38392857142857145,0.5477707006369427,Syn->Real
0.9163298203487321,0.9629629629629629,0.9333333333333333,0.9545454545454546,0.9438202247191011,Syn->Syn
