k,jaccard,n_overlap
10,0.0,0
50,0.02040816326530612,2
100,0.041666666666666664,8
200,0.09289617486338798,34
500,0.1848341232227488,156
1000,0.29701686121919585,458
