k,jaccard,n_overlap
10,0.42857142857142855,6
50,0.3888888888888889,28
100,0.4492753623188406,62
200,0.5037593984962406,134
500,0.4684287812041116,319
1000,0.49588631264023936,663
