k,jaccard,n_overlap
10,0.0,0
50,0.05263157894736842,5
100,0.08108108108108109,15
200,0.10803324099722991,39
500,0.19617224880382775,164
1000,0.27064803049555275,426
