k,jaccard,n_overlap
10,0.25,4
50,0.3698630136986301,27
100,0.4084507042253521,58
200,0.45454545454545453,125
500,0.45985401459854014,315
1000,0.5015015015015015,668
