k,jaccard,n_overlap
10,0.0,0
50,0.010101010101010102,1
100,0.030927835051546393,6
200,0.06382978723404255,24
500,0.10987791342952276,99
1000,0.17647058823529413,300
