k,jaccard,n_overlap
10,0.0,0
50,0.06382978723404255,6
100,0.0582010582010582,11
200,0.07526881720430108,28
500,0.13250283125707815,117
1000,0.21876904326630103,359
